"TKN","POx_NOx","Bottom_TA_DIC","Surface_TA_DIC","Turbidity","Chl_a","Bottom_BOD","Surface_BOD","Settleable_Solids","Enterococcus","Total_Suspended_Solids","Sampling_Cycle","Site_Name","Location","Site_Code","Region","Zone","Latitude","Longitude","Depth","Month","Day","Year","Date","Captain","Crew_1","Crew_2","Crew_3","Time_In","Time_Out","Surface_Temp_C","Surface_Temp_Depth_m","Surface_Sal_psu","Surface_Sal_Depth_m","Surface_DO_mg_L","Surface_DO_Depth_m","Surface_pH","Surface_pH_Depth_m","Bottom_Temp_C","Bottom_Temp_Depth_m","Bottom_Sal_psu","Bottom_Sal_Depth_m","Bottom_DO_mg_L","Bottom_DO_Depth_m","Bottom_pH","Bottom_pH_Depth_m","Secchi_Depth_1_m","Secchi_Depth_2_m","Secchi_Depth_3_m","Secchi_Avg_Depth","Surface_Van_Dorn_Depth_m","Bottom_Van_Dorn_Depth_m","Turbidity_NTU","Note","TSS","SS","TSS (mg/L)","Enterococcus (MPN)","SS (ml/L)","Surface BOD (mg/L)","Bottom BOD (mg/L)","Chl-a (µg/L)","Turbidity (NTU)","Surface DIC (µM)","Bottom DIC (µM)","Surface TA (µM)","Bottom TA (µM)","NOx (mg/L)","PO4 (mg/L)","TKN (mg/L)"
75,69,177,176,54,52,108,107,55,55,52,2,"Media Luna 5m","La Parguera","MLUN05","Southwest","SW",17.93937,-67.0507,5,9,19,2023,"9/19/2023","Anibal","Adiana","Leira","Manuel",1899-12-31 10:19:00,1899-12-31 10:44:00,"31.25","0.6","34","0.56000000000000005","5.89","0.56999999999999995","7.99","0.6","31.01","3.2","34.26","3.08","5.89","3.09","8.0299999999999994","3.07",">3.5",">3.5",">3.5",">3.5",0.5,3,54,"HydroLab",52,55,5.10000000000001,"< 10","< 0.1 ml","0.36000000000000032","4.9999999999998934E-2","0.39183443085606778","0.22","2016.0920000000001","2016.8040000000001",NA,NA,"4.1000000000000002E-2","8.9999999999999993E-3","<0.2"
76,70,178,179,55,53,109,110,56,47,53,2,"Boya Vieja 20m","La Parguera","BOYA20","Southwest","SW",17.88827,-66.9978,20,9,19,2023,"9/19/2023","Anibal","Adiana","Leira","Manuel",1899-12-31 09:00:00,1899-12-31 09:30:00,"30.4","0.63","34.49","0.59","6.22","0.61","7.93","0.65","29.71","19.3","34.799999999999997","19.190000000000001","6.18","19.100000000000001","8.08","19.079999999999998","12","12","12","12",0.5,19,55,"HydroLab",53,56,4.39999999999999,"< 10","< 0.1 ml","0.20000000000000107","8.0000000000000071E-2","0.95813397129186617","7.0000000000000007E-2","2004.011","2037.962",NA,NA,"4.0000000000000001E-3","3.2000000000000001E-2","<0.2"
77,71,180,181,56,54,112,111,57,49,54,2,"Media Luna 10m","La Parguera","MLUN10","Southwest","SW",17.93472,-67.0485,10,9,19,2023,"9/19/2023","Anibal","Adiana","Leira","Manuel",1899-12-31 09:47:00,1899-12-31 10:12:00,"30.92","0.55000000000000004","34.159999999999997","0.56000000000000005","6.11","0.56000000000000005","7.97","0.5","30.8","5.6","34.200000000000003","5.65","6.12","5.64","8.06","5.65",">5.5",">5.5",">5.5",">5.5",0.5,5,56,"HydroLab",54,57,7.5,"< 10","< 0.1 ml","0.52000000000000046","0.15000000000000036","0.5360420650095602","0.22","2008.8409999999999","2006.181",NA,NA,"5.0000000000000001E-3","7.0000000000000001E-3","1.7861999999999998"
78,72,183,182,57,55,114,113,58,48,55,2,"Efras Wall 20m","La Parguera","EWAL20","Southwest","SW",17.8976,-66.9599,20,9,19,2023,"9/19/2023","Anibal","Adiana","Leira","Manuel",1899-12-31 08:00:00,1899-12-31 08:39:00,"30.05","0.6","34.869999999999997","0.61","6.35","0.62","7.7","0.61","30.16","17.28","34.76","17.399999999999999","5.73","17.510000000000002","8.06","17.5","10.25","10","10.5","10.25",0.5,17.5,57,"HydroLab",55,58,7.2,"< 10","< 0.1 ml","0.64999999999999858","0.28000000000000025","0.5776442307692311","0.11","2008.4860000000001","2041.8879999999999",NA,NA,"1.6E-2","2.1000000000000001E-2","0.20100000000000001"
79,73,185,184,58,56,116,115,59,65,56,2,"Cayo Caribes 10m","Salinas","CARI10","Southeast","S",17.91533,-66.2141,10,9,21,2023,"9/21/2023","Anibal","Adiana","Juanita","Manuel",1899-12-31 08:50:00,1899-12-31 09:30:00,"30.62","0.54","35.85","0.55000000000000004","6.1","0.56000000000000005","7.94","0.56000000000000005","30.84","9.51","35.549999999999997","9.5","6.05","9.6199999999999992","8.08","9.6199999999999992",">10",">10",">10",">10",0.5,9.5,58,"HydroLab",56,59,5.5,"< 10","< 0.1 ml","0.49000000000000021","0.63999999999999968","0.35464895635673627","0.27","2063.4189999999999","2062.2049999999999",NA,NA,"0.01","4.2000000000000003E-2","<0.2"
80,74,186,187,59,57,118,117,60,50,57,2,"Gallardo 5m","Cabo Rojo","GALL05","West","W",18.0017,-67.3299,5,9,20,2023,"9/20/2023","Anibal","Adiana","Manuel","NA",1899-12-31 08:55:00,1899-12-31 09:20:00,"30.51","0.6","33.89","0.61","5.77","0.62","7.83","0.57999999999999996","30.58","6.6","33.94","6.55","5.75","6.58","8.02","6.63",">6.5",">6.5",">6.5",">6.5",0.5,6.5,59,"HydroLab; No HOBO",57,60,4.90000000000001,"< 10","< 0.1 ml","0.12999999999999989","2.0000000000000462E-2","0.53096590909090913","0.04","1999.521","1994.8340000000001",NA,NA,"6.0000000000000001E-3","1.4999999999999999E-2","<0.2"
81,75,189,188,60,58,120,119,61,51,58,2,"Cayo Ratones 5m","Salinas","RATO05","Southeast","S",17.9346,-66.3025,5,9,21,2023,"9/21/2023","Anibal","Adiana","Juanita","Manuel",1899-12-31 09:44:00,1899-12-31 10:04:00,"30.78","0.64","35.32","0.64","5.8","0.63","8.0299999999999994","0.62","30.65","4.12","35.380000000000003","4.22","5.23","4.37","7.95","4.3099999999999996",">4",">4",">4",">4",0.5,4,60,"HydroLab",58,61,5.2,"< 10","< 0.1 ml","1.2699999999999996","0.42999999999999972","0.36706214689265537","0.43","2087.4540000000002","2101.3629999999998",NA,NA,"4.0000000000000001E-3","7.0000000000000001E-3","<0.2"
82,76,191,190,61,59,122,121,62,57,59,2,"Derrumbadero 20m","Ponce","DERR20","South","S",17.904,-66.6086,20,9,21,2023,"9/21/2023","Anibal","Adiana","Juanita","Manuel",1899-12-31 11:25:00,1899-12-31 11:56:00,"30.9","0.63","34.36","0.67","6.32","0.7","8.08","0.7","30.12","16.5","35","17","6.2","17.3","8.06","17.329999999999998","12.25","12.5","12.75","12.5",0.5,17,61,"HydroLab",59,62,4.8,"< 10","< 0.1 ml","0.5099999999999989","0.16999999999999993","0.38504743833017074","0.11","2019.0360000000001","2042.6969999999999",NA,NA,"1E-3","5.0000000000000001E-3","<0.2"
83,77,193,192,62,60,124,123,63,54,60,2,"Resuellos 10m","Cabo Rojo","RESU10","West","W",17.99116,-67.2332,10,9,20,2023,"9/20/2023","Anibal","Adiana","Manuel","NA",1899-12-31 09:50:00,1899-12-31 10:19:00,"30.72","0.54","34.15","0.52","6.38","0.55000000000000004","7.98","0.55000000000000004","30.84","13.69","34.17","13.7","6.4","13.67","8.07","13.65","7.5","7.5","7.5","7.5",0.5,13.5,62,"HydroLab; No HOBO",60,63,6.3,"< 10","< 0.1 ml","0.1800000000000006","0.72999999999999954","1.415909090909091","1.27","1981.509","1978.2260000000001",NA,NA,"<0.001","1.2E-2","1.4142000000000001"
84,78,195,194,63,61,126,125,64,53,61,2,"Resuellos 10m","Cabo Rojo","RESU10-R","West","W",17.99116,-67.2332,10,9,20,2023,"9/20/2023","Anibal","Adiana","Manuel","NA",1899-12-31 10:25:00,1899-12-31 10:51:00,"30.78","0.62","34.119999999999997","0.61","6.5","0.6","8.02","0.59","30.91","5.48","34.15","5.46","6.33","5.45","8.08","5.43","7.25","7","7","7",0.5,5.5,63,"HydroLab; No HOBO",61,64,7.40000000000001,"< 10","< 0.1 ml","0.33999999999999986","0.30999999999999961","0.9463610586011344","0.51","1975.6969999999999","1977.0160000000001",NA,NA,"1E-3","1.4E-2","2.2149999999999999"
87,81,201,200,66,64,132,131,67,56,64,2,"West Reef 10m","Ponce","CDMU10","South","S",17.89502,-66.5284,10,9,21,2023,"9/21/2023","Anibal","Adiana","Juanita","Manuel",1899-12-31 10:44:00,1899-12-31 11:04:00,"30.86","0.59","34.729999999999997","0.59","6.52","0.62","8.0299999999999994","0.68","30.62","8.0299999999999994","34.72","7.9","6.64","7.77","8.09","7.57",">8",">8",">8",">8",0.5,7.5,66,"HydroLab",64,67,5.09999999999999,"< 10","< 0.1 ml","1.3299999999999992","0.38999999999999968","0.17766159695817491","7.0000000000000007E-2","2018.605","2019.0070000000001",NA,NA,"1E-3","1.6E-2","<0.2"
211,210,203,202,207,206,205,204,208,289,209,2,"Tourmaline 20m","Cabo Rojo","TOUR20","West","W",18.16517,-67.2752,20,10,5,2023,"10/5/2023","Anibal","Adiana","Erica","Manuel",1899-12-31 09:30:00,1899-12-31 10:02:00,"30.48","0.5","NA","0.54","6.79","0.54","8.0500000000000007","0.53","30.54","21.79","NA","21.65","6.78","21.69","8.1","21.08","10.75","10.75","11","10.8",0.5,22,207,"HydroLab",209,208,4.10000000000001,"< 10","< 0.1 ml","4.9999999999999822E-2","2.0000000000000462E-2","0.41734463276836165","0.28000000000000003","2023.643","2041.9369999999999",NA,NA,"2E-3","1E-3","<0.2"
222,221,214,213,218,217,216,215,219,300,220,2,"Tourmaline 10m","Cabo Rojo","TOUR10","West","W",18.16304,-67.2737,10,10,5,2023,"10/5/2023","Anibal","Adiana","Erica","Manuel",1899-12-31 10:11:00,1899-12-31 10:48:00,"30.5","0.5","NA","0.49","6.38","0.56000000000000005","8.0399999999999991","0.51","30.53","9.4","NA","9.5399999999999991","6.31","9.51","8.1","9.5500000000000007",">10",">10",">10",">10",0.5,9.5,218,"HydroLab",220,219,6.8,NA,"< 0.1 ml","9.9999999999997868E-3","9.9999999999997868E-3","0.40225988700564974","0.06","2022.5909999999999","2023.9829999999999",NA,NA,"2E-3","1.1220000000000001","<0.2"
233,232,225,224,229,228,227,226,230,278,231,2,"Tourmaline 30m","Cabo Rojo","TOUR30","West","W",18.16637,-67.2763,30,10,5,2023,"10/5/2023","Anibal","Adiana","Erica","Manuel",1899-12-31 08:09:00,1899-12-31 09:04:00,"30.49","0.56000000000000005","35.01","0.56999999999999995","6.19","0.57999999999999996","8","0.57999999999999996","29.38","27.45","35.54","27.39","6.36","27.39","8.1199999999999992","28.09","14.25","14.5","14.5","14.4",0.5,27,229,"HydroLab",231,230,1.3,"< 10","< 0.1 ml","0.24000000000000021","0.19000000000000039","0.3771186440677966","0.17","2012.009","2067.4290000000001",NA,NA,"<0.001","<0.001","<0.2"
244,243,236,235,240,239,238,237,241,212,242,2,"Maria Langa 20m","Guayanilla","MLAN20","South","S",17.95953,-66.747,20,10,4,2023,"10/4/2023","Anibal","Leira","Manuel","NA",1899-12-31 07:20:00,1899-12-31 08:05:00,"31","0.57999999999999996","36.36","0.59","5.05","0.57999999999999996","7.4","0.59","30.37","18.5","36.950000000000003","18.5","6.04","18.05","8.08","17.87","11.25","11.25","11.25","11.25",0.5,18,240,"HydroLab",242,241,6.5,NA,"< 0.1 ml","0.39000000000000057","0.21999999999999886","0.40225988700564974","0.18","2075.3690000000001","2051.0810000000001",NA,NA,"4.0000000000000001E-3","2E-3","<0.2"
255,254,247,246,251,250,249,248,252,223,253,2,"Maria Langa 10m","Guayanilla","MLAN10","South","S",17.96093,-66.7529,10,10,4,2023,"10/4/2023","Anibal","Leira","Manuel","NA",1899-12-31 08:13:00,1899-12-31 08:39:00,"30.8","0.53","36.49","0.57999999999999996","5.51","0.56999999999999995","7.92","0.56000000000000005","30.72","8.76","36.5","8.82","5.41","8.86","8.0399999999999991","8.92",">8.75",">8.75",">8.75",">8.75",0.5,8,251,"HydroLab",253,252,4.10000000000001,NA,"< 0.1 ml","0.50999999999999979","0.29000000000000004","0.35197740112994352","0.5","2048.4560000000001","2070.692",NA,NA,"6.0000000000000001E-3","2E-3","<0.2"
266,265,258,257,262,261,260,259,263,234,264,2,"Maria Langa 5m","Guayanilla","MLAN05","South","S",17.96488,-66.7565,5,10,4,2023,"10/4/2023","Anibal","Leira","Manuel","NA",1899-12-31 08:49:00,1899-12-31 09:13:00,"31.17","0.53","36.24","0.55000000000000004","5.1100000000000003","0.54","7.9","0.54","30.96","4.0999999999999996","36.479999999999997","4.07","5.05","4.0199999999999996","8.02","4.0199999999999996",">4",">4",">4",">4",0.5,4,262,"HydroLab",264,263,5.7,NA,"< 0.1 ml","0.47000000000000064","0.38999999999999968","0.35197740112994352","0.37","2067.5210000000002","2072.56",NA,NA,"7.0000000000000001E-3","3.0000000000000001E-3","<0.2"
277,276,269,268,273,272,271,270,274,245,275,2,"Maria Langa 5m","Guayanilla","MLAN05-R","South","S",17.96488,-66.7565,5,10,4,2023,"10/4/2023","Anibal","Leira","Manuel","NA",1899-12-31 09:13:00,1899-12-31 09:32:00,"31.04","0.57999999999999996","36.299999999999997","0.6","4.37","0.6","7.83","0.6","31.02","2.94","36.25","3.18","5.01","3.14","7.99","3.02",">3",">3",">3",">3",0.5,3,273,"HydroLab",275,274,5,NA,"< 0.1 ml","0.35000000000000053","0.39000000000000057","0.3771186440677966","0.19","2099.9270000000001","2078.7649999999999",NA,NA,"7.0000000000000001E-3","2E-3","<0.2"
288,287,280,279,284,283,282,281,285,267,286,2,"Cayo Coral 10m","Guanica","CORA10","Southwest","SW",17.9362,-66.8884,10,10,4,2023,"10/4/2023","Anibal","Leira","Manuel","NA",1899-12-31 10:26:00,1899-12-31 10:47:00,"31.21","0.49","36.03","0.49","5.77","0.49","7.94","0.49","30.99","8.9","36.450000000000003","8.9600000000000009","3.87","8.99","7.95","9",">9",">9",">9",">9",0.5,9,284,"HydroLab",286,285,6.5,NA,"< 0.1 ml","0.40000000000000036","5.9999999999999609E-2","0.37209039548022604","0.08","2051.6709999999998","2053.4699999999998",NA,NA,"1.2E-2","2E-3","<0.2"
299,298,291,290,295,294,293,292,296,256,297,2,"Cayo Aurora 5m","Guanica","AURO05","Southwest","SW",17.9369,-66.8738,5,10,4,2023,"10/4/2023","Anibal","Leira","Manuel","NA",1899-12-31 10:00:00,1899-12-31 10:19:00,"30.87","0.54","36.659999999999997","0.52","4.7300000000000004","0.53","7.84","0.53","31.15","3.03","36.49","3.03","4.87","3.03","7.99","3.03",">3",">3",">3",">3",0.5,3,295,"HydroLab",297,296,8.59999999999999,NA,"< 0.1 ml","0.3100000000000005","0.51999999999999957","<0.01","0.21","2081.8960000000002","2080.2420000000002",NA,NA,"1.4E-2","3.0000000000000001E-3","<0.2"
310,309,302,301,306,305,304,303,307,333,308,2,"Dominos 5m","San Juan","DOMI05","North/Northeast","N",18.46222,-66.0517,5,10,6,2023,"10/6/2023","Rodolfo","Leira","Manuel","NA",1899-12-31 09:32:00,1899-12-31 09:52:00,"29.85","0.63","NA","0.53","6.67","0.44","7.96","0.45","29.81","4","NA","4.03","7.02","4.04","8.0500000000000007","4.0199999999999996",">4.5",">4.5",">4.5",">4.5",0.5,4,306,"Check salinity & pH",308,307,4.7,"< 10","< 0.1 ml","0.12000000000000011","0.32000000000000028","0.40339943342776208","0.24","2084.2930000000001","2083.7269999999999",NA,NA,"5.0000000000000001E-3","1E-3","<0.2"
321,320,313,312,317,316,315,314,318,465,319,2,"Dakiti 20m","Isla Culebra","DAKI20-R","Vieques/Culebra","E",18.27587,-65.2773,20,10,13,2023,"10/13/2023","Tyrone","Adiana","Manuel","NA",1899-12-31 07:50:00,1899-12-31 08:12:00,"29.7","0.5","35.99","0.5","6.13","0.49","7.94","0.48","29.92","19.93","36.200000000000003","19.97","5.72","19.98","8.08","19.97",">20",">20",">20",">20",0.5,20,317,"Hydrolab; Check salinity & pH",319,318,5.90000000000001,"< 10","< 0.1 ml","0.36999999999999922","0.29000000000000092","0.18145631067961165","0.05","2012.5820000000001","2028.7070000000001",NA,NA,"3.0000000000000001E-3","1E-3","<0.2"
332,331,324,323,328,327,326,325,329,311,330,2,"Cibuco 05m","Vega Baja","CIBU05","North/Northeast","N",18.48955,-66.3736,10,10,6,2023,"10/6/2023","Rodolfo","Leira","Manuel","NA",1899-12-31 06:41:00,1899-12-31 07:01:00,"29.65","0.42","34.71","0.42","5.79","0.45","7.69","0.49","29.85","1.92","34.450000000000003","1.97","5.73","2.0099999999999998","7.95","2.0299999999999998",">2.5",">2.5",">2.5",">2.5",0.5,2,328,"Check salinity & pH",330,329,8.8,"< 10","< 0.1 ml","9.9999999999997868E-3","0.38000000000000078","0.54407547169811321","0.09","2078.018","2079.7069999999999",NA,NA,"4.0000000000000001E-3","1E-3","<0.2"
343,342,335,334,339,338,337,336,340,322,341,2,"Cibuco 05m","Vega Baja","CIBU05-R","North/Northeast","N",18.48955,-66.3736,10,10,6,2023,"10/6/2023","Rodolfo","Leira","Manuel","NA",1899-12-31 07:08:00,1899-12-31 07:20:00,"29.85","0.49","31.76","0.52","5.88","0.51","7.74","0.52","29.9","2.4500000000000002","NA","2.5","6.72","2.5","8.01","2.48",">2.5",">2.5",">2.5",">2.5",0.5,2.5,339,"Check salinity & pH",341,340,6.7,NA,"< 0.1 ml","0.3100000000000005","0.37999999999999901","0.19358757062146875","0.18","2081.1799999999998","2080.7689999999998",NA,NA,"5.0000000000000001E-3","1E-3",NA
354,353,346,345,350,349,348,347,351,509,352,2,"Esperanza 10m","Isla Vieques","ESPE10","Vieques/Culebra","E",18.08057,-65.4879,10,10,14,2023,"10/14/2023","Tyrone","Irais","Manuel","NA",1899-12-31 09:15:00,1899-12-31 09:44:00,"30.3","0.55000000000000004","35.32","0.55000000000000004","6.36","0.54","7.69","0.54","30.13","12.03","35.49","12.02","6.2","12.03","NA","12",">12",">12",">12",">12",0.5,12,350,"Hydrolab; Check salinity & pH",352,351,6.90000000000001,"< 10","< 0.1 ml","3.0000000000001137E-2","0.41000000000000014","0.17783063748810657","0.03","1995.837","2000.1669999999999",NA,NA,"<0.001","<0.001","<0.2"
365,364,357,356,361,360,359,358,362,487,363,2,"Carlos Rosario 10m","Isla Culebra","CROS10","Vieques/Culebra","E",18.32779,-65.332,10,10,13,2023,"10/13/2023","Tyrone","Adiana","Manuel","NA",1899-12-31 09:24:00,1899-12-31 09:48:00,"29.89","0.44","36.07","0.49","6.11","0.5","7.92","0.5","29.9","10.01","35.89","9.9499999999999993","6.06","9.9700000000000006","8.1","9.98",">10",">10",">10",">10",0.5,10,361,"Hydrolab; Check salinity & pH",363,362,7.2,"< 10","< 0.1 ml","0.16000000000000014","0.16000000000000014","0.15228136882129278","0.06","2017.873","2019.0709999999999",NA,NA,"1E-3","<0.001","<0.2"
376,375,368,367,372,371,370,369,373,553,374,2,"Cayo Rodriguez 5m","Mayaguez","RODR05","West","W",18.1893,-67.1919,5,10,25,2023,"10/25/2023","Orlando","Adiana","Manuel","NA",1899-12-31 09:53:00,1899-12-31 10:13:00,"30.53","0.54","35.04","0.54","6.34","0.54","8.09","0.54","30.49","9.86","35.479999999999997","9.86","5.72","9.86","8.17","9.86","5.25","5.25","5.25","5.25",0.5,9.5,372,"Eureka_Log_Oct_5,20,23-25_2023.xlsx",374,373,4.5,"< 10","< 0.1 ml","0.17000000000000082","0.22999999999999954","0.17582314205079966","0.27",NA,"2055.645",NA,NA,"3.0000000000000001E-3","2E-3","1.54"
386,387,379,378,383,382,381,380,384,476,385,2,"Canal Luis Pena 5m","Isla Culebra","LPEN05","Vieques/Culebra","E",18.30493,-65.3277,5,10,13,2023,"10/13/2023","Tyrone","Adiana","Manuel","NA",1899-12-31 08:33:00,1899-12-31 08:54:00,"29.67","0.51","35.880000000000003","0.51","5.84","0.52","7.73","0.52","29.81","4.58","35.82","4.53","5.82","4.53","8.0299999999999994","4.53",">5",">5",">5",">5",0.5,5,383,"Hydrolab; Check salinity & pH",385,384,6.30000000000001,"< 10","< 0.1 ml","0.4399999999999995","6.0000000000000497E-2","0.20246445497630333","0.05","2023.0809999999999","2022.07",NA,NA,NA,NA,NA
398,397,390,389,394,393,392,391,395,454,396,2,"Dakiti 20m","Isla Culebra","DAKI20","Vieques/Culebra","E",18.27587,-65.2773,20,10,13,2023,"10/13/2023","Tyrone","Adiana","Manuel","NA",1899-12-31 07:12:00,1899-12-31 07:42:00,"29.56","0.52","36.04","0.55000000000000004","6.26","0.55000000000000004","7.78","0.52","29.92","20.07","36.229999999999997","20.07","5.52","20.059999999999999","8.0500000000000007","20.059999999999999",">20",">20",">20",">20",0.5,20,394,"Hydrolab; Check salinity & pH",396,395,6,"< 10","< 0.1 ml","0.27000000000000135","0.26999999999999957","0.23105769230769233","0.05","2004.0319999999999","2017.442",NA,NA,"1E-3","1E-3","<0.2"
409,408,401,400,405,404,403,402,406,531,407,2,"Cabezas de San Juan 5m","Fajardo","CABE05","North/Northeast","E",18.38544,-65.6297,5,10,15,2023,"10/15/2023","Tyrone","Adiana","Manuel","NA",1899-12-31 06:51:00,1899-12-31 07:15:00,"29.88","0.47","36.32","0.51","5.76","0.52","7.09","0.52","30.05","7.43","35.96","7.44","5.74","7.44","7.14","7.4",">7.5",">7.5",">7.5",">7.5",0.5,7.5,405,"HydroLab",407,406,2,"< 10","< 0.1 ml","0.61000000000000032","0.40000000000000036","0.166875","0.19","2075.788","2075.7800000000002",NA,NA,"<0.001","1E-3","<0.2"
420,419,412,411,416,415,414,413,417,410,418,2,"Cayo Diablo 5m","Fajardo","DIAB05","North/Northeast","E",18.36033,-65.5309,5,10,15,2023,"10/15/2023","Tyrone","Adiana","Manuel","NA",1899-12-31 07:45:00,1899-12-31 08:04:00,"30.24","0.44","35.880000000000003","0.43","6.01","0.43","7.83","0.43","30.28","3.5","35.86","3.4","5.79","3.3","8","3.3",">3.5",">3.5",">3.5",">3.5",0.5,3.5,416,"HydroLab",418,417,6.2,"< 10","< 0.1 ml","0.65000000000000036","0.62000000000000099","0.16295774647887323","7.0000000000000007E-2",NA,"2069.8960000000002",NA,NA,"<0.001","1E-3","<0.2"
431,430,423,422,427,426,425,424,428,421,429,2,"Palominitos 10m","Fajardo","PALT10","North/Northeast","E",18.33537,-65.5656,10,10,15,2023,"10/15/2023","Tyrone","Adiana","Manuel","NA",1899-12-31 08:28:00,1899-12-31 08:59:00,"30.35","0.53","35.61","0.55000000000000004","6.3","0.54","7.81","0.54","30.36","8.5","34.229999999999997","8.1999999999999993","6.12","8.1","8.11","7.96",">8.5",">8.5",">8.5",">8.5",0.5,8.5,427,"HydroLab",429,428,6.30000000000001,"< 10","< 0.1 ml","0.38999999999999968","0.71999999999999975","0.47633802816901416","0.04",NA,"2042.279",NA,NA,"<0.001","<0.001","<0.2"
442,441,434,433,438,437,436,435,439,432,440,2,"Palominos 20m","Fajardo","PALN20","North/Northeast","E",18.35466,-65.5671,20,10,15,2023,"10/15/2023","Tyrone","Adiana","Manuel","NA",1899-12-31 09:46:00,1899-12-31 10:07:00,"NA","NA","NA","NA","NA","NA","NA","NA","NA","NA","NA","NA","NA","NA","NA","NA","12.25","12.5","12.5","12.4",0.5,17.5,438,"HydroLab; Handheld Surveyor turned off",440,439,6,"20","< 0.1 ml","0.59999999999999964","0.79999999999999982","0.51726495726495736","0.14000000000000001","2053.4430000000002","2050.7159999999999",NA,NA,"<0.001","1E-3","<0.2"
453,452,445,444,449,448,447,446,450,520,451,2,"Canjilones 15m","Isla Vieques","CANJ15","Vieques/Culebra","E",18.08964,-65.5901,15,10,14,2023,"10/14/2023","Tyrone","Irais","Manuel","NA",1899-12-31 10:12:00,1899-12-31 10:37:00,"30.13","0.51","34.83","0.51","6.35","0.5","7.05","0.51","30.02","14.97","35.61","15","5.48","15","6.9","15.01",">15",">15",">15",">15",0.5,15,449,"Hydrolab; Check salinity & pH",451,450,6.7,"< 10","< 0.1 ml","0.15000000000000036","0.30999999999999961","0.38070342205323199","0.02","1997.3879999999999","2008.87",NA,NA,"5.0000000000000001E-3","2E-3","<0.2"
464,463,456,455,460,459,458,457,461,498,462,2,"El Seco 30m","Isla Vieques","SECO30","Vieques/Culebra","E",18.13869,-65.1971,30,10,14,2023,"10/14/2023","Tyrone","Irais","Manuel","NA",1899-12-31 07:38:00,1899-12-31 08:15:00,"29.81","0.54","NA","0.54","6.55","0.55000000000000004","7.89","0.55000000000000004","29.29","35.450000000000003","NA","35.479999999999997","6.15","35.520000000000003","8.07","35.51",">34",">34",">34",">34",0.5,35,460,"Hydrolab; Check salinity & pH",462,461,6.7,"< 10","< 0.1 ml","0.15000000000000036","5.0000000000000711E-2","0.62478","<0.01","2006.4870000000001","2085.0230000000001",NA,NA,"6.0000000000000001E-3","1E-3","<0.2"
475,474,467,466,471,470,469,468,472,374,473,2,"Puerto Botes 20m","Isla Desecheo","BOTE20","Mona/Desecheo","W",18.38158,-67.4886,20,10,23,2023,"10/23/2023","Anibal","Adiana","Leira","NA",1899-12-31 09:35:00,1899-12-31 10:14:00,"30.2","0.65","35.81","0.65","6.2","0.65","8.18","0.65","30.9","18.89","36.08","18.89","6.19","18.89","8.2200000000000006","18.89",">18",">18",">18",">18",0.5,18.5,471,"Eureka_Log_Oct_5,20,23-25_2023.xlsx; Correct depth offset ~0.35 m",473,472,5.90000000000001,"< 10","< 0.1 ml","0.91999999999999993","0.75999999999999979","0.1640359168241966","<0.01","2053.6999999999998","2058.8029999999999",NA,NA,"1E-3","5.1999999999999998E-2","1.6883999999999999"
486,485,478,477,482,481,480,479,483,575,484,2,"El Negro 5m","Cabo Rojo","NEGR05","West","W",18.14658,-67.2476,5,10,25,2023,"10/25/2023","Orlando","Adiana","Manuel","NA",1899-12-31 07:52:00,1899-12-31 08:12:00,"30.35","0.55000000000000004","35.11","0.55000000000000004","6.03","0.55000000000000004","8.17","0.55000000000000004","30.04","8.76","35.71","8.76","5.88","8.76","8.19","8.76",">7.5",">7.5",">7.5",">7.5",0.5,7.5,482,"Eureka_Log_Oct_5,20,23-25_2023.xlsx",484,483,1.89999999999999,"10","< 0.1 ml","0.59999999999999964","0.44000000000000039","0.20538461538461539","0.11","2054.8389999999999","2062.2330000000002",NA,NA,"2E-3","1E-3","2.1579999999999999"
508,507,500,499,504,503,502,501,505,355,506,2,"Manchas Exteriores 10m","Mayaguez","MEXT10","West","W",18.23353,-67.2006,10,10,23,2023,"10/23/2023","Anibal","Adiana","Leira","NA",1899-12-31 13:50:00,1899-12-31 14:27:00,"30.71","0.51","35.33","0.51","6.21","0.51","8.1199999999999992","0.51","30.66","10.96","35.43","10.96","6.22","10.96","8.19","10.96",">10",">10",">10",">10",0.5,10,504,"Eureka_Log_Oct_5,20,23-25_2023.xlsx",506,505,2.7,"< 10","< 0.1 ml","0.48000000000000043","0.31999999999999851","0.17682119205298014","0.16",NA,NA,NA,NA,"<0.001","1E-3","1.5899999999999999"
519,518,511,510,515,514,513,512,516,399,517,2,"Puerto Canoas 30m","Isla Desecheo","CANO30-R","Mona/Desecheo","W",18.37747,-67.484,30,10,23,2023,"10/23/2023","Anibal","Adiana","Leira","NA",1899-12-31 11:40:00,1899-12-31 12:09:00,"30.27","0.56999999999999995","35.85","0.56999999999999995","6.27","0.56999999999999995","8.2200000000000006","0.56999999999999995","30.19","29.12","34.369999999999997","29.12","6.3","29.12","8.2200000000000006","29.12",">29",">29",">29",">29",0.5,29,515,"Eureka_Log_Oct_5,20,23-25_2023.xlsx; Correct depth offset ~0.35 m",517,516,5,"< 10","< 0.1 ml","0.35999999999999943","0.40000000000000036","0.17242165242165225","<0.01","2045.739","2052.1959999999999",NA,NA,"1E-3","1E-3","<0.2"
530,529,522,521,526,525,524,523,527,542,528,2,"Puerto Canoas 30m","Isla Desecheo","CANO30","Mona/Desecheo","W",18.37747,-67.484,30,10,23,2023,"10/23/2023","Anibal","Adiana","Leira","NA",1899-12-31 10:59:00,1899-12-31 11:36:00,"30.25","0.51","36.049999999999997","0.53","6.33","0.56000000000000005","8.1999999999999993","0.52","30.19","26.61","36.049999999999997","26.65","6.22","26.52","8.2200000000000006","26.67",">26.5",">26.5",">26.5",">26.5",0.5,26.5,526,"Eureka; Correct depth offset ~0.35 m",528,527,5.59999999999999,"< 10","< 0.1 ml","0.44000000000000128","0.46999999999999886","0.17698863636363638","0.01",NA,"2052.3069999999998",NA,NA,"1E-3","1E-3","1.6572"
541,540,533,532,537,536,535,534,538,433,539,2,"Puerto Botes 15m","Isla Desecheo","BOTE15","Mona/Desecheo","W",18.382,-67.4883,15,10,23,2023,"10/23/2023","Anibal","Adiana","Leira","NA",1899-12-31 10:18:00,1899-12-31 10:48:00,"30.21","0.52","35.94","0.52","6.38","0.52","8.17","0.52","30.12","16.46","36.04","16.46","6.2","16.46","8.2100000000000009","16.46",">15",">15",">15",">15",0.5,15,537,"Eureka_Log_Oct_5,20,23-25_2023.xlsx; Correct depth offset ~0.35 m",539,538,4.2,NA,"< 0.1 ml","0.50999999999999979","0.35500000000000043","<0.01","0.1","2047.396",NA,NA,NA,"1E-3","3.0000000000000001E-3","<0.2"
552,551,544,543,548,547,546,545,549,587,550,2,"Tres Palmas 05m","Rincon","TRES05","West","W",18.35072,-67.2669,5,10,24,2023,"10/24/2023","Anibal","Adiana","Erica","Manuel",1899-12-31 09:18:00,1899-12-31 09:40:00,"30.28","0.62","35.270000000000003","0.62","6","0.62","8.16","0.62","30.29","4.9000000000000004","35.28","4.9000000000000004","5.99","4.9000000000000004","8.18","4.9000000000000004",">4.5",">4.5",">4.5",">4.5",0.5,4.5,548,"Eureka_Log_Oct_5,20,23-25_2023.xlsx; Correct depth offset ~0.35 m",550,549,3.40000000000001,"< 10","< 0.1 ml","0.54000000000000092","0.41000000000000014","0.1640359168241966","0.13",NA,NA,NA,NA,"2E-3","1E-3","1.4868000000000001"
563,562,555,554,559,558,557,556,560,377,561,2,"Tres Palmas 10m","Rincon","TRES10","West","W",18.34732,-67.27,10,10,24,2023,"10/24/2023","Anibal","Adiana","Erica","Manuel",1899-12-31 09:52:00,1899-12-31 10:20:00,"30.43","0.66","35.29","0.66","6.2","0.66","8.1999999999999993","0.66","30.43","10.85","35.35","10.85","6.15","10.85","8.1999999999999993","10.85",">9.5",">9.5",">9.5",">9.5",0.5,9.5,559,"Eureka_Log_Oct_5,20,23-25_2023.xlsx; Correct depth offset ~0.35 m",561,560,1.8,"< 10","< 0.1 ml","0.41000000000000014","0.4399999999999995","0.41076923076923078","0.09",NA,"2244.0500000000002",NA,NA,"2E-3","<0.001","2.4769999999999999"
574,573,566,565,570,569,568,567,571,588,572,2,"Tres Palmas 20m","Rincon","TRES20","West","W",18.34652,-67.2712,20,10,24,2023,"10/24/2023","Anibal","Adiana","Erica","Manuel",1899-12-31 10:27:00,1899-12-31 10:56:00,"30.46","0.79","35.24","0.79","6.14","0.79","8.1999999999999993","0.79","30.14","18.05","35.619999999999997","18.05","6.14","18.05","8.2100000000000009","18.05",">17.5",">17.5",">17.5",">17.5",0.5,17.5,570,"Eureka_Log_Oct_5,20,23-25_2023.xlsx",572,571,4.5,"< 10","< 0.1 ml","1.2199999999999998","0.51999999999999957","0.40112676056338031","0.09",NA,NA,NA,NA,"<0.001","<0.001","<0.2"
585,584,577,576,581,580,579,578,582,388,583,2,"Manchas Exteriores 20m","Mayaguez","MEXT20","West","W",18.2335,-67.2009,20,10,24,2023,"10/24/2023","Anibal","Adiana","Erica","Manuel",1899-12-31 11:35:00,1899-12-31 12:02:00,"30.75","0.74","35.28","0.74","6.22","0.74","8.19","0.74","29.77","18.66","35.83","18.66","6.07","18.66","8.1999999999999993","18.66","11.25","11.25","10.75","11.1",0.5,18,581,"Eureka_Log_Oct_5,20,23-25_2023.xlsx; Correct depth offset ~0.35 m",583,582,7.09999999999999,"< 10","< 0.1 ml","1.2600000000000007","0.79999999999999982","0.48933270676691731","0.2",NA,NA,NA,NA,"2E-3","1E-3","2.3268"
596,595,588,587,592,591,590,589,593,586,594,2,"Guanajibo 20m","Mayaguez","GUAN20","West","W",18.17202,-67.253,20,10,25,2023,"10/25/2023","Orlando","Adiana","Manuel","NA",1899-12-31 09:06:00,1899-12-31 09:28:00,"30.34","0.34","35.44","0.34","6.12","0.34","8.1999999999999993","0.34","30.02","11.18","35.770000000000003","11.18","6.09","11.18","8.2100000000000009","11.18",">16",">16",">16",">16",0.5,18,592,"Eureka_Log_Oct_5,20,23-25_2023.xlsx",594,593,4.59999999999999,"10","< 0.1 ml","0.26999999999999957","0.20999999999999996","0.20304182509505705","0.04","2052.674","2062.625",NA,NA,"1E-3","1E-3","2.262"
618,617,610,609,614,613,612,611,615,564,616,2,"El Negro 10m","Cabo Rojo","NEGR10","West","W",18.14653,-67.248,10,10,25,2023,"10/25/2023","Orlando","Adiana","Manuel","NA",1899-12-31 08:20:00,1899-12-31 08:43:00,"30.31","0.47","35.380000000000003","0.47","6.29","0.47","8.15","0.47","29.89","19.010000000000002","35.869999999999997","19.010000000000002","5.99","19.010000000000002","8.1999999999999993","19.010000000000002","10","10","10","10",0.5,18,614,"Eureka_Log_Oct_5,20,23-25_2023.xlsx",616,615,1.5,"< 10","< 0.1 ml","0.45999999999999996","0.37999999999999989","2.2243680772507813E-2","0.24","2054.8510000000001","2062.797",NA,NA,"1E-3","1E-3","2.9689999999999999"
