"Site_Code","Surface_Temp_C","Surface_Sal_psu","Surface_DO_mg_L","Surface_pH","Bottom_Temp_C","Bottom_Sal_psu","Bottom_DO_mg_L","Bottom_pH","Secchi_Avg_Depth","TSS (mg/L)","Enterococcus (MPN)","SS (ml/L)","Surface BOD (mg/L)","Bottom BOD (mg/L)","Chl-a (µg/L)","Turbidity (NTU)","Surface DIC (µmol/kg)","Bottom DIC (µmol/kg)","Surface TA (µmol/kg)","Bottom TA (µmol/kg)","NOx LOD (mg/L)","PO4 LOD (mg/L)","TKN LOD (mg/L)"
"CIBU10",29.29,37.01,6.37,8.1,29.1,37.24,6.12,8.17,">10",4.9,"10","< 0.1",1.79,1.62,0.17,0.15,2027,2031,2373,2369,0.009,"0.005","<0.011"
"CIBU10-R",29.29,37.15,6.31,8.18,29.08,37.25,6.07,8.19,">10",7,"< 10","< 0.1",1.66,1.25,0.16,0.1,2030,2032,2369,2367,0.008,"0.003","0.04"
"DOMI05",29.69,36.84,6.21,8.09,29.57,36.87,5.83,8.12,">3",8.7,"134","< 0.1",1.14,1.63,0.36,0.3,2065,2051,2347,2341,0.011,"0.006","<0.011"
"DOMI05-R",29.7,36.95,5.96,8.12,29.49,37.04,5.83,8.13,">3",8.5,"121","< 0.1",2.28,0.71,0.2,0.3,2050,2061,2345,2351,0.01,"<0.003","0.02"
"MLUN05",30.61,37.34,6.47,8.18,30.62,37.47,6.7,8.18,">3",5,"< 10","< 0.1",0.92,0.4,0.37,0.25,2009,2003,2346,2346,0.025,"<0.002","0.41"
"MLUN05-R",30.67,37.33,6.58,8.18,30.68,37.42,6.81,8.18,">3",3.8,"< 10","< 0.1",0.27,0.07,0.33,0.25,1998,1996,2338,2345,0.014,"0.003","0.37"
"NEGR05",30.14,36.84,6.42,8.17,30.13,36.83,6.43,8.17,">5",15.6,"< 10","< 0.1",0.44,0.57,0,0.25,2010,2013,2347,2345,0.013,"0.004","0.31"
"NEGR05-R",30.17,36.82,6.44,8.17,30.06,36.86,6.4,8.16,">5",5.7,"< 10","< 0.1",0.54,0.44,0.25,0.25,2012,2012,2344,2349,0.011,"<0.002","0.40"
"RESU10",30.7,37.46,5.78,8.07,30.73,37.52,5.51,8.07,">9",8,"< 10","< 0.1",0.63,0.5,0.41,0.1,2005,2010,2292,2304,0.021,"<0.002","0.13"
"RESU10-R",30.67,37.38,5.71,8.08,30.7,37.47,5.57,8.07,">9",4.6,"< 10","< 0.1",0.57,0.74,0.36,0.1,2006,2004,2297,2293,0.022,"<0.002","0.29"
