"Sampling Cycle","Site_Name","Location","Site_Code","Region","Zone","Latitude","Longitude","Depth","Month","Day","Year","Date","Captain","Crew_1","Crew_2","Crew_3","Crew_4","Time_In","Time_Out","Surface_Temp_C","Surface_Temp_Depth_m","Surface_Sal_psu","Surface_Sal_Depth_m","Surface_DO_mg_L","Surface_DO_Depth_m","Surface_pH","Surface_pH_Depth_m","Bottom_Temp_C","Bottom_Temp_Depth_m","Bottom_Sal_psu","Bottom_Sal_Depth_m","Bottom_DO_mg_L","Bottom_DO_Depth_m","Bottom_pH","Bottom_pH_Depth_m","Secchi_Depth_1_m","Secchi_Depth_2_m","Secchi_Depth_3_m","Secchi_Avg_Depth","Surface_Van_Dorn_Depth_m","Bottom_Van_Dorn_Depth_m","TSS","SS","Turbidity","TKN","POx_NOx","Bottom_TA_DIC","Surface_TA_DIC","Turbidity_NTU","Chl_a","Bottom_BOD","Surface_BOD","Settleable_Solids","Enterococcus","Total_Suspended_Solids","Note","TSS (mg/L)","Enterococcus (MPN)","SS (ml/L)","Surface BOD (mg/L)","Bottom BOD (mg/L)","Chl-a (µg/L)","Turbidity (NTU)","Surface DIC (µmol/kg)","Bottom DIC (µmol/kg)","Surface TA (µmol/kg)","Bottom TA (µmol/kg)","NOx (mg/L)","NOx LOD (mg/L)","PO4 (mg/L)","PO4 LOD (mg/L)","TKN (mg/L)","TKN LOD (mg/L)"
5,"Puerto Canoas","Isla Desecheo","CANO30","Mona/Desecheo","W",18.37747,-67.484,30,6,18,2024,"45461.0","Nibo","JJ","Manuel Olmeda","Johann Collazo","Maggie Gordon","7:45am","8:20am",29.84,0.68,37.27,0.68,6.19,0.68,8.09,0.68,29.78,21.7,37.27,21.7,6.5,20.5,8.08,20.5,">22",">22",">22",">22",0.5,21,8,7,6,10,9,2,1,6,5,4,3,7,11,8,NA,12.3,"10","< 0.1","0.96","0.07",0.35,0,2036,2032,2374,2372,0.015,"0.015",-0.003,"<0.002",0.086,"0.086"
5,"Tres Palmas","Rincon","TRES05","West","W",18.34652,-67.2712,20,6,18,2024,"45461.0","Nibo","JJ","Manuel Olmeda","Johann Collazo","Maggie Gordon","9:49am","10:10am",30.21,0.55,36.9,0.59,6.22,0.56,8.1,0.57,30.22,1.7,37.07,1.64,6.29,1.56,8.1,1.54,">2",">2",">2",">2",0.5,1.5,21,20,19,23,22,15,14,19,18,17,16,20,24,21,NA,6,"< 10","< 0.1","0.03","0.29",1.14,0.1,2025,2021,2358,2357,0.006,"0.006",-0.004,"<0.002",0.169,"0.169"
5,"Media Luna","La Parguera","MLUN05-R","Southwest","SW",17.93937,-67.0507,5,6,21,2024,"45464.0","Nibo","JJ","Maggie Gordon",NA,NA,"10:28am","10:46am",30.67,0.5,37.33,0.49,6.58,0.5,8.18,0.51,30.68,3.23,37.42,3.17,6.81,3.22,8.18,3.18,">3",">3",">3",">3",0.5,2,34,33,32,36,35,28,27,32,31,30,29,33,37,34,NA,3.8,"< 10","< 0.1","0.27","0.07",0.33,0.25,1998,1996,2338,2345,0.014,"0.014",0.003,"0.003",0.374,"0.374"
5,"Gallardo","Cabo Rojo","GALL05","West","W",18.0017,-67.3299,5,6,21,2024,"45464.0","Nibo","JJ","Maggie Gordon",NA,NA,"7:20am","7:47am",30.15,0.58,37.29,0.5,5.75,0.47,8.04,0.65,30.15,8.51,37.33,8.43,5.54,8.41,8.1,8.57,">8",">8",">8",">8",0.5,7,47,46,45,49,48,41,40,45,44,43,42,46,50,47,NA,5.4,"< 10","< 0.1","0.6","0.35",0.41,0,2046,2050,2368,2361,0.025,"0.025",-0.004,"<0.002",0.187,"0.187"
5,"Manchas Exteriores","Mayaguez","MEXT10","West","W",18.23353,-67.2006,10,6,18,2024,"45461.0","Nibo","JJ","Manuel Olmeda","Johann Collazo","Maggie Gordon","11:43am","12:03pm",30.13,0.59,37.15,0.53,6.15,0.51,8.09,0.57,30.02,15.27,37.23,15.03,6.06,15.2,8.09,15.07,">15",">15",">15",">15",0.5,8,60,59,58,62,61,54,53,58,57,56,55,59,63,60,NA,3.9,"< 10","< 0.1","0.06","0.32",0.49,0.05,2073,2073,2359,2359,0.012,"0.012",0.009,"0.009",0.115,"0.115"
5,"Tres Palmas","Rincon","TRES20","West","W",18.34732,-67.27,10,6,18,2024,"45461.0","Nibo","JJ","Manuel Olmeda","Johann Collazo","Maggie Gordon","10:38am","10:55am",30.7,0.51,37.08,0.5,6.12,0.5,8.11,0.46,29.97,16.31,37.29,16.07,6.34,15.94,8.11,15.94,"7.4","7.2","6.8","7.13",0.5,15,73,72,71,75,74,67,66,71,70,69,68,72,76,73,NA,3.9,"< 10","< 0.1","0.19","0.17",0.33,0.2,2006,2018,2359,2362,0.009,"0.009",0.002,"0.002",0.399,"0.399"
5,"Tres Palmas","Rincon","TRES10","West","W",18.35072,-67.2669,5,6,18,2024,"45461.0","Nibo","JJ","Manuel Olmeda","Johann Collazo","Maggie Gordon","10:15am","10:35am",30.41,0.63,36.99,0.61,6.34,0.59,8.11,0.66,30.09,10.74,37.24,10.15,6.46,10.1,8.11,10.07,">10",">10",">10",">10",0.5,10,86,85,84,88,87,80,79,84,83,82,81,85,89,86,NA,4,"< 10","< 0.1","0.46","0.21",0.38,0.3,2011,2014,2360,2359,0.021,"0.021",-0.001,"<0.002",0.14,"0.14"
5,"Manchas Exteriores","Mayaguez","MEXT20","West","W",18.2335,-67.2009,20,6,18,2024,"45461.0","Nibo","JJ","Manuel Olmeda","Johann Collazo","Maggie Gordon","11:20am","11:38am",30.13,0.53,37.16,0.52,6.1,0.57,8.09,0.62,30.02,8.36,37.22,8.3,6.06,7.9,8.09,8.03,">8",">8",">8",">8",0.5,7,99,98,97,101,100,93,92,97,96,95,94,98,102,99,NA,3.5,"< 10","< 0.1","0.15","0.16",0.52,0,2063,2073,2358,2358,0.021,"0.021",0,"<0.002",0.158,"0.158"
5,"Puerto Botes","Isla Desecheo","BOTE20","Mona/Desecheo","W",18.38158,-67.4886,20,6,18,2024,"45461.0","Nibo","JJ","Manuel Olmeda","Johann Collazo","Maggie Gordon","8:50am","9:08am",29.87,0.56,37.28,0.58,6.22,0.63,8.11,0.57,29.83,16.14,37.3,15.37,6.06,16,8.1,15.72,">16",">16",">16",">16",0.5,14,112,111,110,114,113,106,105,110,109,108,107,111,115,112,NA,8.4,"< 10","< 0.1","0.11","0.13",0.19,0,2032,2034,2374,2374,0.013,"0.013",-0.004,"<0.002",0.212,"0.212"
5,"Puerto Botes","Isla Desecheo","BOTE15","Mona/Desecheo","W",18.382,-67.4883,15,6,18,2024,"45461.0","Nibo","JJ","Manuel Olmeda","Johann Collazo","Maggie Gordon","8:10am","8:45am",29.85,0.6,37.24,0.61,6.22,0.61,8.11,0.6,29.83,15.43,37.2,15.48,6.18,15.04,8.1,15.31,">15",">15",">15",">15",0.5,14,125,124,123,127,126,119,118,123,122,121,120,124,128,125,NA,6.8,"< 10","< 0.1","0.03","0.15",0.16,0.05,2035,2037,2373,2368,0.015,"0.015",-0.005,"<0.002",0.08,"0.08"
5,"Media Luna","La Parguera","MLUN05","Southwest","SW",17.93937,-67.0507,5,6,21,2024,"45464.0","Nibo","JJ","Maggie Gordon",NA,NA,"10:04am","10:24am",30.61,0.49,37.34,0.46,6.47,0.51,8.18,0.48,30.62,2.88,37.47,2.94,6.7,2.9,8.18,2.85,">3",">3",">3",">3",0.5,2,138,137,136,140,139,132,131,136,135,134,133,137,141,138,NA,5,"< 10","< 0.1","0.92","0.4",0.37,0.25,2009,2003,2346,2346,0.025,"0.025",-0.003,"<0.002",0.409,"0.409"
5,"Resuellos","Cabo Rojo","RESU10","West","W",17.99116,-67.2332,10,6,21,2024,"45464.0","Nibo","JJ","Maggie Gordon",NA,NA,"8:19am","8:40am",30.7,0.51,37.46,0.51,5.78,0.5,8.07,0.51,30.73,9.09,37.52,9.17,5.51,9.14,8.07,9.18,">9",">9",">9",">9",0.5,8,151,150,149,153,152,145,144,149,148,147,146,150,154,151,NA,8,"< 10","< 0.1","0.63","0.5",0.41,0.1,2005,2010,2292,2304,0.021,"0.021",-0.002,"<0.002",0.125,"0.125"
5,"Resuellos","Cabo Rojo","RESU10-R","West","W",17.99116,-67.2332,10,6,21,2024,"45464.0","Nibo","JJ","Maggie Gordon",NA,NA,"8:44am","9:00am",30.67,0.52,37.38,0.46,5.71,0.5,8.08,0.48,30.7,9.23,37.47,9.21,5.57,9.17,8.07,9.2,">9",">9",">9",">9",0.5,8,164,163,162,166,165,158,157,162,161,160,159,163,167,164,NA,4.6,"< 10","< 0.1","0.57","0.74",0.36,0.1,2006,2004,2297,2293,0.022,"0.022",-0.004,"<0.002",0.295,"0.295"
5,"Tourmaline","Cabo Rojo","TOUR30","West","W",18.16637,-67.2763,30,6,25,2024,"45468.0","Nibo","JJ","Maggie Gordon","Johann Collazo",NA,"6:48am","7:20am",29.84,0.45,36.92,0.64,6.15,0.65,8.11,0.58,29.7,30.3,37.12,30.3,5.85,30.26,8.13,30.06,"10.5","10.75","10.75","10.66",0.5,30,177,176,175,179,178,171,170,175,174,173,172,176,180,177,NA,8.8,"< 10","< 0.1","0.44","0.31",0.31,0.05,2026,2032,2355,2367,0.01,"0.01",-0.004,"<0.002",0.341,"0.341"
5,"Guanajibo","Mayaguez","GUAN20","West","W",18.17202,-67.253,20,6,25,2024,"45468.0","Nibo","JJ","Maggie Gordon","Johann Collazo",NA,"8:15am","8:35am",29.97,0.51,36.9,0.53,6.18,0.57,8.15,0.52,29.82,14.06,37.08,14.11,5.85,14.09,8.14,14.01,"10.0","10.5","10.0","10.16",0.5,13,190,189,188,192,191,184,183,188,187,186,185,189,193,190,NA,10.7,"< 10","< 0.1","0.85","0.28",0.55,0.25,2031,2026,2348,2353,0.011,"0.011",-0.004,"<0.002",0.383,"0.383"
5,"Cayo Aurora","Guanica","AURO05","Southwest","SW",17.9369,-66.8738,5,6,28,2024,"45471.0","Nibo","Johann Collazo","Maggie Gordon",NA,NA,"7:03am","7:23am",30.23,0.5,37.42,0.48,5.58,0.52,8.11,0.5,30.22,3.13,37.5,3.17,5.47,3,8.11,3.13,">5",">5",">5",">5",0.5,3,203,202,201,205,204,197,196,201,200,199,198,202,206,203,NA,12.2,"< 10","< 0.1","0.86","0.24",0.4,0.1,2061,NA,2349,2352,0.021,"0.021",0,"<0.002",0.086,"0.086"
5,"Tourmaline","Cabo Rojo","TOUR10","West","W",18.16304,-67.2737,10,6,25,2024,"45468.0","Nibo","JJ","Maggie Gordon","Johann Collazo",NA,"7:45am","8:03am",30.09,0.61,36.68,0.71,6.01,0.66,8.14,0.69,30.09,10.05,37.01,10.67,5.95,10.81,8.14,10.68,">11",">11",">11",">11",0.5,10,216,215,214,218,217,210,209,214,213,212,211,215,219,216,NA,14.2,"< 10","< 0.1","0.26","0.52",0.42,0.05,2022,2021,2349,2344,0.026,"0.026",-0.005,"<0.002",0.117,"0.117"
5,"El Negro","Cabo Rojo","NEGR05-R","West","W",18.14658,-67.2476,5,6,25,2024,"45468.0","Nibo","JJ","Maggie Gordon","Johann Collazo",NA,"9:38am","9:55am",30.17,0.54,36.82,0.53,6.44,0.56,8.17,0.51,30.06,4.66,36.86,4.5,6.4,4.51,8.16,4.65,">5",">5",">5",">5",0.5,4,229,228,227,231,230,223,222,227,226,225,224,228,232,229,NA,5.7,"< 10","< 0.1","0.54","0.44",0.25,0.25,2012,2012,2344,2349,0.011,"0.011",-0.004,"<0.002",0.404,"0.404"
5,"El Negro","Cabo Rojo","NEGR05","West","W",18.14658,-67.2476,5,6,25,2024,"45468.0","Nibo","JJ","Maggie Gordon","Johann Collazo",NA,"9:16am","9:36am",30.14,0.47,36.84,0.5,6.42,0.5,8.17,0.49,30.13,3.97,36.83,3.99,6.43,4.06,8.17,3.9,">5",">5",">5",">5",0.5,4,242,241,240,244,243,236,235,240,239,238,237,241,245,242,NA,15.6,"< 10","< 0.1","0.44","0.57",0,0.25,2010,2013,2347,2345,0.013,"0.013",0.004,"0.004",0.306,"0.306"
5,"Boya Vieja","La Parguera","BOYA20","Southwest","SW",17.88827,-66.9978,20,6,28,2024,"45471.0","Nibo","Johann Collazo","Maggie Gordon",NA,NA,"8:41am","9:09am",29.87,0.54,37.44,0.52,6.17,0.52,8.18,0.56,29.86,18.11,37.58,18.25,5.76,18.56,8.16,18,">20",">20",">20",">20",0.5,18,255,254,253,257,256,249,248,253,252,251,250,254,258,255,NA,9,"< 10","< 0.1","0.34","0.26",0.44,0,2033,2038,2368,2371,0.02,"0.02",-0.005,"<0.002",-0.054,"<0.011"
5,"Cayo Rodriguez","Mayaguez","RODR05","West","W",18.1893,-67.1919,5,6,25,2024,"45468.0","Nibo","JJ","Maggie Gordon","Johann Collazo",NA,"10:10am","10:31am",30.23,0.51,36.63,0.5,6.07,0.54,8.14,0.49,30.08,6.31,36.77,6.32,6.07,6.2,8.15,6.24,"5.2","5.8","5.6","5.53",0.5,6,268,267,266,270,269,262,261,266,265,264,263,267,271,268,NA,12.3,"< 10","< 0.1","0.62","0.52",1.65,0.25,2019,2016,2342,2341,0.018,"0.018",0.001,"<0.002",0.962,"0.962"
5,"El Negro","Cabo Rojo","NEGR10","West","W",18.14653,-67.248,10,6,25,2024,"45468.0","Nibo","JJ","Maggie Gordon","Johann Collazo",NA,"8:49am","9:12am",30.1,0.48,36.84,0.52,6.44,0.54,8.17,0.5,29.92,20.07,36.91,20.08,5.88,20.05,8.14,20.07,"10.75","11.0","10.5","10.75",0.5,19,281,280,279,283,282,275,274,279,278,277,276,280,284,281,NA,6.4,"< 10","< 0.1","0.88","0.35",0.69,0.2,2008,2020,2344,2348,0.012,"0.012",-0.003,"<0.002",0.071,"0.071"
5,"Tourmaline","Cabo Rojo","TOUR20","West","W",18.16517,-67.2752,20,6,25,2024,"45468.0","Nibo","JJ","Maggie Gordon","Johann Collazo",NA,"7:24am","7:42am",29.98,0.58,36.99,0.62,5.99,0.5,8.14,0.49,29.93,17.97,37.01,17.88,5.94,17.74,8.14,17.75,"11.5","12.0","11.75","11.75",0.5,18,294,293,292,296,295,288,287,292,291,290,289,293,297,294,NA,16.4,"< 10","< 0.1","0.37","0.57",0.15,0.1,2026,2026,2349,2348,0.011,"0.011",-0.003,"<0.002",0.131,"0.131"
5,"Cayo Coral","Guanica","CORA10","Southwest","SW",17.9362,-66.8884,10,6,28,2024,"45471.0","Nibo","Johann Collazo","Maggie Gordon",NA,NA,"6:26am","6:52am",30.23,0.5,37.37,0.52,5.54,0.56,8.09,0.54,30.05,8.14,37.49,8.2,5.23,7.95,8.1,8.13,">10",">10",">10",">10",0.5,8,307,306,305,309,308,301,300,305,304,303,302,306,316,307,NA,13.8,"< 10","< 0.1","0.3","0.35",0.49,0.25,2058,2062,2354,2358,0.016,"0.016",-0.004,"<0.002",0.652,"0.652"
5,"Media Luna","La Parguera","MLUN10","Southwest","SW",17.93472,-67.0485,10,6,28,2024,"45471.0","Nibo","Johann Collazo","Maggie Gordon",NA,NA,"9:19am","9:48am",30.22,0.5,37.49,0.58,5.92,0.54,8.13,0.53,30.23,5.2,37.57,5.07,6.03,5.05,8.14,5.11,">10",">10",">10",">10",0.5,5,320,319,318,322,321,314,313,318,317,316,315,319,323,320,NA,7.6,"< 10","< 0.1","0.49","0.45",0.6,0.4,2051,2045,2355,2357,0.016,"0.016",-0.004,"<0.002",0.554,"0.554"
5,"Canjilones","Isla Vieques","CANJ15","Vieques/Culebra","E",18.08964,-65.5901,15,7,10,2024,"45483.0","Wi","Johann Collazo","Maggie Gordon","Manuel Olmeda",NA,"7:30am","7:40am",29.96,0.5,36.93,0.5,6.02,0.5,8.13,0.5,29.94,13,37.1,13,5.83,13,8.15,13,">15",">15",">15",">15",0.5,13,333,332,331,335,334,327,326,331,330,329,328,332,336,333,NA,6.4,"< 10","< 0.1","2.34","2.28",0.31,0.1,2036,2029,2356,2352,0.01,"0.01",0.003,"0.003",0.188,"0.188"
5,"Efras Wall","La Parguera","EWAL20","Southwest","SW",17.8976,-66.9599,10,6,28,2024,"45471.0","Nibo","Johann Collazo","Maggie Gordon",NA,NA,"8:06am","8:30am",29.87,0.48,37.38,0.56,5.84,0.56,8.16,0.51,29.87,8.03,37.37,8.05,5.8,8.1,8.18,8.23,">10",">10",">10",">10",0.5,8,346,345,344,348,347,340,339,344,343,342,341,345,349,346,NA,5.6,"< 10","< 0.1","0.49","0.19",0.19,0.05,2053,2053,2372,2364,0.03,"0.03",0.02,"0.02",0.154,"0.154"
5,"El Seco","Isla Vieques","SECO30","Vieques/Culebra","E",18.13869,-65.1971,30,7,10,2024,"45483.0","Wi","Johann Collazo","Maggie Gordon","Manuel Olmeda",NA,"11:29am","11:56am",29.65,0.5,36.81,0.5,6.28,0.5,8.2,0.5,29.22,28,37.16,28,6.24,28,8.19,28,">12",">12",">12",">12",0.5,28,359,358,357,361,360,353,352,357,356,355,354,358,362,359,NA,21.3,"< 10","< 0.1","0.9","0.87",0,0.2,2012,2021,2340,2355,0.004,"0.004",0.002,"<0.003",0.032,"0.032"
5,"Palominitos","Fajardo","PALT10","North/Northeast","E",18.33537,-65.5656,10,7,10,2024,"45483.0","Wi","Johann Collazo","Maggie Gordon","Manuel Olmeda",NA,"1:42pm","1:55pm",29.82,0.5,37.22,0.5,6.31,0.5,8.19,0.5,29.67,8,37.3,8,6.24,8,8.19,8,">8",">8",">8",">8",0.5,8,372,371,370,374,373,366,365,370,369,368,367,371,375,372,NA,9.9,"< 10","< 0.1","1.78","1.64",0.15,0.05,2030,2033,2354,2357,0.008,"0.008",0.004,"0.004",-0.018,"<0.011"
5,"Cabezas de San Juan","Fajardo","CABE05","North/Northeast","E",18.38544,-65.6297,5,7,11,2024,"45603.0","Wi","Johann Collazo","Maggie Gordon","Manuel Olmeda",NA,"10:47am","11:02am",29.19,0.52,37.31,0.52,5.95,0.52,8.15,0.52,29.11,4.02,37.32,4.02,5.94,4.02,8.16,4.02,">5",">5",">5",">5",0.5,3,385,384,383,387,386,379,378,383,382,381,380,384,388,385,NA,6.8,"< 10","< 0.1","1.99","1.83",0.38,0.1,2046,2032,2277,2355,0.011,"0.011",0.003,"0.003",-0.008,"<0.011"
5,"Esperanza","Isla Vieques","ESPE10","Vieques/Culebra","E",18.08057,-65.4879,10,7,10,2024,"45483.0","Wi","Johann Collazo","Maggie Gordon","Manuel Olmeda",NA,"8:26am","8:43am",29.99,0.5,36.94,0.5,5.89,0.5,8.16,0.5,30.01,8,37.12,8,5.65,8,8.15,8,">10",">10",">10",">10",0.5,8,398,397,396,400,399,392,391,396,395,394,393,397,401,398,NA,6.9,"< 10","< 0.1","1.89","1.62",0,0.05,2048,2036,2356,2351,0.011,"0.011",0.003,"0.003",0.017,"0.017"
5,"Carlos Rosario","Isla Culebra","CROS10","Vieques/Culebra","E",18.32779,-65.332,10,7,11,2024,"45483.0","Wi","Johann Collazo","Maggie Gordon","Manuel Olmeda",NA,"8:21am","8:34am",29.58,0.5,36.94,0.5,6.08,0.5,8.17,0.5,29.56,8,37.03,8,5.8,8,8.16,8,">8",">8",">8",">8",0.5,8,411,410,409,413,412,405,404,409,408,407,406,410,414,411,NA,21.9,"< 10","< 0.1","2.07","0.66",0.56,0,2043,2039,2350,2360,0.01,"0.01",0.002,"<0.003",0.088,"0.088"
5,"Canal Luis Pena","Isla Culebra","LPEN05","Vieques/Culebra","E",18.30493,-65.3277,5,7,11,2024,"45483.0","Wi","Johann Collazo","Maggie Gordon","Manuel Olmeda",NA,"7:51am","8:03am",29.56,0.5,36.91,0.5,6.05,0.5,8.16,0.5,29.56,4,36.98,4,5.88,4,8.16,4,">4",">4",">4",">4",0.5,4,424,423,422,426,425,418,417,422,421,420,419,423,427,424,NA,6.5,"< 10","< 0.1","1.87","1.8",0.35,0,2046,2037,2355,2352,0.007,"0.007",0.001,"<0.003",0.006,"<0.011"
5,"Cayo Caribes","Salinas","CARI10","Southeast","S",17.91533,-66.2141,10,7,16,2024,"07/16/24","Orlando","Johann Collazo","Maggie Gordon","Manuel Olmeda",NA,"8:10am","8:29am",30.2,0.52,36.81,0.52,6.27,0.52,8.13,0.52,30.19,8.78,36.87,8.78,6.06,8.78,8.14,8.78,"5.0","5.0","5.0","5.0",0.5,8,437,436,4351,439,438,431,430,4351,434,433,432,436,440,437,NA,6.4,"86","< 0.1","0.31","0.35",0.8,0.2,2014,2019,2337,2338,0.012,"0.012",0.005,"0.005",0.034,"0.034"
5,"Dakiti","Isla Culebra","DAKI20","Vieques/Culebra","E",18.27587,-65.2773,20,7,11,2024,"45483.0","Wi","Johann Collazo","Maggie Gordon","Manuel Olmeda",NA,"7:05am","7:25am",29.49,0.5,36.84,0.5,6.28,0.5,8.13,0.5,29.46,18,36.94,18,6.04,18,8.16,18,">12",">12",">12",">12",0.5,18,450,449,448,452,451,444,443,448,447,446,445,449,453,450,NA,7.2,"< 10","< 0.1","1.74","2.33",0.35,0.05,2026,2028,2354,2360,0.011,"0.011",0.003,"0.003",-0.012,"<0.011"
5,"Cayo Diablo","Fajardo","DIAB05","North/Northeast","E",18.36033,-65.5309,5,7,11,2024,"45603.0","Wi","Johann Collazo","Maggie Gordon","Manuel Olmeda",NA,"9:25am","9:40am",29.52,0.5,37.13,0.5,6.13,0.5,8.17,0.5,29.5,4,37.17,4,6.14,4,8.18,4,">4",">4",">4",">4",0.5,4,463,462,461,465,464,457,456,461,460,459,458,462,466,463,NA,8.5,"< 10","< 0.1","2.11","1.88",0,0,2035,2032,2358,2360,0.011,"0.011",0.004,"0.004",0.12,"0.12"
5,"Derrumbadero","Ponce","DERR20","South","S",17.904,-66.6086,20,7,16,2024,"07/16/24","Orlando","Johann Collazo","Maggie Gordon","Manuel Olmeda",NA,"10:33am","10:49am",29.84,0.57,36.82,0.57,6.21,0.57,8.19,0.57,29.82,17.33,36.92,17.33,6.13,17.33,8.2,17.33,"11.0","11.0","11.0","11.0",0.5,18,476,475,474,478,477,470,469,474,473,472,471,475,479,476,NA,16.2,"73","< 0.1","0.6","0.51",0.41,0.05,2024,2023,2349,2336,0.011,"0.011",0.003,"0.003",0,"<0.011"
5,"Palominos","Fajardo","PALN20","North/Northeast","E",18.35466,-65.5671,20,7,11,2024,"45603.0","Wi","Johann Collazo","Maggie Gordon","Manuel Olmeda",NA,"9:56am","10:20am",29.4,0.5,37.18,0.5,5.82,0.5,8.16,0.56,29.36,8,37.2,8,5.81,8,8.16,8,">8",">8",">8",">8",0.5,8,489,488,4350,491,490,483,482,4350,486,485,484,488,492,489,NA,5.5,"< 10","< 0.1","1.98","2.25",0.18,0.05,2051,2048,2357,2358,0.011,"0.011",0.002,"<0.003",0.001,"<0.011"
5,"Maria Langa","Guayanilla","MLAN10","South","S",17.96093,-66.7529,10,7,16,2024,"07/16/24","Orlando","Johann Collazo","Maggie Gordon","Manuel Olmeda",NA,"11:38am","11:51am",30.12,0.53,36.95,0.53,6.13,0.53,8.17,0.53,30.1,8.5,37.04,8.5,6.11,8.5,8.17,8.5,"9.0","9.0","9.0","9.0",0.5,8,502,501,500,504,503,496,495,500,499,498,497,501,505,502,NA,15.4,"< 10","< 0.1","0.35","0.33",0.38,0.15,2029,2028,2343,2346,0.008,"0.008",0.004,"0.004",-0.014,"<0.011"
5,"West Reef","Ponce","CDMU10","South","S",17.89502,-66.5284,10,7,16,2024,"07/16/24","Orlando","Johann Collazo","Maggie Gordon","Manuel Olmeda",NA,"9:59am","10:11am",29.96,0.6,36.97,0.6,6.22,0.6,8.18,0.6,29.92,8.51,37,8.51,6.19,8.51,8.18,8.51,"9.0","9.0","9.0","9.0",0.5,8,515,514,513,517,516,509,508,513,512,511,510,514,518,515,NA,6.7,"31","< 0.1","0.49","0.42",0.53,0.05,2035,2032,2339,2347,0.005,"0.005",0.002,"<0.003",0.142,"0.142"
5,"Maria Langa","Guayanilla","MLAN20","South","S",17.95953,-66.747,20,7,16,2024,"07/16/24","Orlando","Johann Collazo","Maggie Gordon","Manuel Olmeda",NA,"11:18am","11:31am",30.08,0.5,36.98,0.5,6.17,0.5,8.17,0.5,29.96,11.45,37.05,11.45,5.88,11.45,8.14,11.45,"8.0","8.0","8.0","8.0",0.5,16,528,527,526,530,529,522,521,526,525,524,523,527,531,528,NA,9.7,"10","< 0.1","0.67","0.49",0.41,0.2,2025,2044,2344,2342,0.02,"0.02",0.003,"0.003",0.305,"0.305"
5,"Cayo Ratones","Salinas","RATO05","Southeast","S",17.9346,-66.3025,5,7,16,2024,"07/16/24","Orlando","Johann Collazo","Maggie Gordon","Manuel Olmeda",NA,"9:03am","9:14am",29.98,0.51,36.97,0.51,5.76,0.51,8.12,0.51,29.98,4.02,36.9,4.02,5.43,4.02,8.13,4.02,">4",">4",">4",">4",0.5,3,541,540,539,543,542,535,534,539,538,537,536,540,544,541,NA,8.1,"98","< 0.1","0.42","0.4",0.41,0.05,2030,2034,2332,2331,0.029,"0.029",0.04,"0.04",0.076,"0.076"
5,"Cibuco","Vega Baja","CIBU10-R","North/Northeast","N",18.48955,-66.3736,5,7,30,2024,"07/30/2024","Luis","Johann Collazo","Manuel Olmeda",NA,NA,"6:53am","7:10am",29.29,0.52,37.15,0.52,6.31,0.52,8.18,0.52,29.08,8.41,37.25,8.41,6.07,8.41,8.19,8.41,">10",">10",">10",">10",0.5,8,554,553,552,556,555,548,547,552,551,550,549,553,557,554,NA,7,"< 10","< 0.1","1.66","1.25",0.16,0.1,2030,2032,2369,2367,0.008,"0.008",0.003,"0.003",0.035,"0.035"
5,"Maria Langa","Guayanilla","MLAN05","South","S",17.96488,-66.7565,5,7,16,2024,"07/16/24","Orlando","Johann Collazo","Maggie Gordon","Manuel Olmeda",NA,"12:00pm","12:11pm",30.17,0.57,36.98,0.57,6.12,0.57,8.16,0.57,30.16,4.1,37.1,4.1,6.13,4.1,8.17,4.1,">4",">4",">4",">4",0.5,3,567,566,565,569,568,561,560,565,564,563,562,566,570,567,NA,10.4,"52","< 0.1","0.56","0.34",0.36,0.15,2034,2021,2337,2333,0.017,"0.017",0.003,"0.003",0.116,"0.116"
5,"Dominos","San Juan","DOMI05","North/Northeast","N",18.46222,-66.0517,5,7,18,2024,"07/18/2024","Luis","Johann Collazo","Maggie Gordon","Manuel Olmeda",NA,"7:31am","7:47am",29.69,0.5,36.84,0.5,6.21,0.5,8.09,0.5,29.57,3.74,36.87,3.74,5.83,3.74,8.12,3.74,">3",">3",">3",">3",0.5,3,580,579,578,582,581,574,573,578,577,576,575,579,583,580,NA,8.7,"134","< 0.1","1.14","1.63",0.36,0.3,2065,2051,2347,2341,0.011,"0.011",0.006,"0.006",-0.012,"<0.011"
5,"Cibuco","Vega Baja","CIBU10","North/Northeast","N",18.48955,-66.3736,5,7,30,2024,"07/30/2024","Luis","Johann Collazo","Manuel Olmeda",NA,NA,"6:25am","6:47am",29.29,0.55,37.01,0.55,6.37,0.55,8.1,0.55,29.1,8.47,37.24,8.47,6.12,8.47,8.17,8.47,">10",">10",">10",">10",0.5,8,606,605,604,608,607,600,599,604,603,602,601,605,609,606,NA,4.9,"10","< 0.1","1.79","1.62",0.17,0.15,2027,2031,2373,2369,0.009,"0.009",0.005,"0.005",-0.017,"<0.011"
5,"Dominos","San Juan","DOMI05-R","North/Northeast","N",18.46222,-66.0517,5,7,18,2024,"07/18/2024","Luis","Johann Collazo","Maggie Gordon","Manuel Olmeda",NA,"7:52am","8:04am",29.7,0.5,36.95,0.5,5.96,0.5,8.12,0.5,29.49,4.36,37.04,4.36,5.83,4.36,8.13,4.36,">3",">3",">3",">3",0.5,3,619,618,617,621,620,613,612,617,616,615,614,618,622,619,NA,8.5,"121","< 0.1","2.28","0.71",0.2,0.3,2050,2061,2345,2351,0.01,"0.01",0.002,"<0.003",0.02,"0.02"
