ANAL,TKN.ANL,,,,,,,,,
RUN ,241002_Q6_TKN6.RUN,,,,,,,,,
DATE,10/2/2024,,,,,,,,,
TIME,3:10:11 PM,,,,,,,,,
OPER,CLMR,,,,,,,,,
COMM,2nd Batch ,,,,,,,,,
CHAN,1,2,,,,,,,,
METH,TKN,Dilution,,,,,,,,
UNIT,mg/L,mg/L,,,,,,,,
Base,-1395,,,,,,,,,
Gain,,,,,,,,,73,
FIT,L,,,,,,,,,
COEFF,0.9985,,,,,,,,,
Sample ID,Peak Number,Cup Number,Cup Type,Cup Group,,,Date Time Stamp,Results 1,Absorbance,Results 2
Primer,1,921,PRIM,0,0,0,10/2/2024 3:11:03 PM,2.257,115.6,1
Drift,2,921,DRIF,0,0,0,10/2/2024 3:12:23 PM,2.257,115.57,1
Blank,3,905,CALB,0,0,0,10/2/2024 3:13:43 PM,-0.107,9.75,1
Baseline,4,0,BASL,0,0,0,10/2/2024 3:15:03 PM,-0.325,0,1
High,5,921,HIGH,0,1,1,10/2/2024 3:19:03 PM,2.253,115.43,1
Low,6,904,LOW ,0,1,2,10/2/2024 3:20:23 PM,0.58,40.5,1
Low,7,904,LOW ,0,1,3,10/2/2024 3:21:43 PM,0.58,40.51,1
Blank,8,905,SAMP,0,0,1,10/2/2024 3:23:03 PM,-0.101,10.05,1
Blank Spike,9,906,SPIK,0,0,2,10/2/2024 3:24:23 PM,0.962,57.62,1
CRM 9/24 [1.5 mg/L],10,908,QUAL,0,0,0,10/2/2024 3:25:43 PM,1.635,87.75,1
Baseline,11,0,BASL,0,0,0,10/2/2024 3:27:03 PM,-0.325,0,1
556,12,1,SAMP,0,0,0,10/2/2024 3:31:03 PM,-0.153,7.7,1
452,13,2,SAMP,0,0,0,10/2/2024 3:32:23 PM,0.009,14.96,1
426,14,3,SAMP,0,0,0,10/2/2024 3:33:43 PM,-0.173,6.82,1
504,15,4,SAMP,0,0,0,10/2/2024 3:35:03 PM,-0.144,8.1,1
517,16,5,SAMP,0,0,1,10/2/2024 3:36:23 PM,-0.154,7.65,1
530,17,6,SAMP,0,0,0,10/2/2024 3:37:43 PM,-0.197,5.74,1
595,18,7,SAMP,0,0,0,10/2/2024 3:39:03 PM,-0.061,11.82,1
569,19,8,SAMP,0,0,0,10/2/2024 3:40:23 PM,-0.141,8.26,1
400,20,9,SAMP,0,0,0,10/2/2024 3:41:43 PM,-0.142,8.22,1
413,21,10,SAMP,0,0,0,10/2/2024 3:43:03 PM,-0.145,8.05,1
543,22,11,SAMP,0,0,0,10/2/2024 3:44:23 PM,-0.145,8.07,1
387,23,12,SAMP,0,0,1,10/2/2024 3:45:43 PM,-0.164,7.21,1
387 spiked,24,13,SPIK,0,0,2,10/2/2024 3:47:03 PM,1.11,64.23,1
CRM 9/24 [1.5 mg/L],25,908,QUAL,0,0,0,10/2/2024 3:48:23 PM,1.614,86.81,1
Baseline,26,0,BASL,0,0,0,10/2/2024 3:49:43 PM,-0.325,0,1
309,27,14,SAMP,0,0,0,10/2/2024 3:53:43 PM,-0.209,5.2,1
374,28,15,SAMP,0,0,0,10/2/2024 3:55:03 PM,-0.163,7.24,1
465,29,16,SAMP,0,0,0,10/2/2024 3:56:23 PM,-0.206,5.35,1
348,30,17,SAMP,0,0,0,10/2/2024 3:57:43 PM,-0.225,4.49,1
361,31,18,SAMP,0,0,1,10/2/2024 3:59:03 PM,-0.167,7.07,1
491,32,19,SAMP,0,0,0,10/2/2024 4:00:23 PM,-0.136,8.45,1
231,33,20,SAMP,0,0,0,10/2/2024 4:01:43 PM,-0.172,6.85,1
439,34,21,SAMP,0,0,0,10/2/2024 4:03:03 PM,-0.235,4.05,1
478,35,22,SAMP,0,0,0,10/2/2024 4:04:23 PM,-0.221,4.67,1
608,36,23,SAMP,0,0,0,10/2/2024 4:05:43 PM,0.104,19.23,1
582,37,24,SAMP,0,0,0,10/2/2024 4:07:03 PM,-0.246,3.56,1
582 spiked,38,25,SPIK,0,0,1,10/2/2024 4:08:23 PM,0.68,45.01,1
CRM 9/24 [1.5 mg/L],39,908,QUAL,0,0,0,10/2/2024 4:09:43 PM,1.606,86.45,1
Baseline,40,0,BASL,0,0,0,10/2/2024 4:11:03 PM,-0.325,0,1
Drift,41,921,DRIF,0,0,0,10/2/2024 4:15:03 PM,2.257,115.57,1
Blank,42,905,SAMP,0,0,0,10/2/2024 4:16:23 PM,-0.106,9.79,1
Blank,43,905,SAMP,0,0,0,10/2/2024 4:17:43 PM,-0.116,9.38,1
Blank,44,905,SAMP,0,0,0,10/2/2024 4:19:03 PM,-0.127,8.85,1
Blank,45,905,SAMP,0,0,0,10/2/2024 4:20:23 PM,-0.133,8.58,1
Blank,46,905,SAMP,0,0,0,10/2/2024 4:21:43 PM,-0.141,8.26,1
Blank spiked,47,906,SPIK,0,0,1,10/2/2024 4:23:03 PM,0.967,57.85,1
CRM 9/24 [1.5 mg/L],48,908,QUAL,0,0,0,10/2/2024 4:24:23 PM,1.594,85.9,1
Baseline,49,0,BASL,0,0,0,10/2/2024 4:25:43 PM,-0.325,0,1
Drift,50,921,DRIF,0,0,0,10/2/2024 4:29:43 PM,2.257,115.57,1
End,51,0,END ,0,0,0,10/2/2024 4:31:03 PM,-0.325,0,1
