"","n","mean","sd","median","min","max","range","skew","kurtosis","se"
"Surface_Temp_C",47,28.5951063829787,0.94213649971159,28.99,26.8,29.69,2.89,-0.588334819691018,-1.12787356822305,0.137424732520287
"Surface_Sal_psu",47,35.1291489361702,0.746708224802683,35.42,33.39,36.22,2.83,-0.884923466454727,-0.376704332409024,0.108918588862251
"Surface_DO_mg_L",47,6.28936170212766,0.270156188763971,6.35,5.41,6.67,1.26,-1.53067104721792,2.62751395043333,0.0394063301771603
"Surface_pH",47,8.12872340425532,0.0330096837752459,8.13,8.04,8.17,0.130000000000001,-0.894360638757743,0.226472108520782,0.00481495724322444
"Bottom_Temp_C",47,28.5789361702128,0.943244248977163,28.97,26.8,29.63,2.83,-0.573210869275143,-1.18313608616843,0.137586314357492
"Bottom_Sal_psu",47,35.223829787234,0.663762507264423,35.41,33.8,36.22,2.42,-0.805124536175333,-0.587553176412162,0.0968197124787463
"Bottom_DO_mg_L",47,6.15574468085106,0.301075930628306,6.16,5.27,6.75,1.48,-0.692409566165238,1.05352600858769,0.0439164380613185
"Bottom_pH",47,8.13255319148936,0.0232629660064891,8.13,8.07,8.17,0.0999999999999996,-0.313436500846691,-0.649130809420698,0.00339325233875234
"Secchi_Avg_Depth",31,8.93333333329032,4.81742785198261,8.666666667,3,22.83333333,19.83333333,1.14704280961133,0.971385049649847,0.865235584347534
"TSS (mg/L)",47,5.65914893617021,2.09224741843418,5.6,1.9,11.4,9.5,0.459290696222397,-0.223984499061539,0.305185651901394
"Enterococcus (MPN)",3,27,12.1243556529821,20,20,41,21,0.38490017945975,-2.33333333333333,7
"SS (ml/L)",0,NA,NA,NA,Inf,-Inf,-Inf,NA,NA,NA
"Chl-a (µg/L)",47,0.519574468085106,0.355643675160653,0.4,0.01,1.81,1.8,1.77605284203453,3.93348921450864,0.0518759616535886
"Turbidity (NTU)",47,0.147872340425532,0.296530196205706,0.1,0,2,2,5.18865391370484,29.4310030955993,0.0432533745484143
"TKN (mg/L)",47,-0.00234042553191489,0.140545718477738,0,-0.32,0.35,0.67,0.25721114399818,0.148954144275525,0.0205007000308208
"NOx (mg/L)",47,0.00751063829787234,0.00322269358325375,0.007,0.003,0.017,0.014,0.91531530996974,0.77353873147443,0.000470078172121627
"PO4 (mg/L)",47,0.00372340425531915,0.00527381607426718,0.001,-0.003,0.02,0.023,1.52909646775887,1.69991157990402,0.000769265136834442
"Surface BOD (mg/L)",47,0.474468085106383,0.31511770410048,0.42,0.05,1.23,1.18,0.382303319652715,-0.829762823028908,0.0459646412294526
"Bottom BOD (mg/L)",47,0.447234042553191,0.276293024410046,0.43,0.03,0.98,0.95,0.0874022066031799,-1.23429481171527,0.0403014796564989
"Surface TA (µmol/kg)",47,2349.59574468085,43.6252118841089,2358,2162,2405,243,-1.72640733194546,4.93011181613421,6.36339116056939
"Bottom TA (µmol/kg)",47,2351.76595744681,45.1823420519842,2362,2162,2427,265,-1.54465772347838,4.41556058217705,6.59052193926764
"Surface DIC (µmol/kg)",45,1985.2,25.2681977628366,1988,1939,2041,102,0.175257716763288,-0.760495144546395,3.76676052444071
"Bottom DIC (µmol/kg)",47,1986.10638297872,25.0193264797898,1985,1941,2040,99,0.220860963696802,-0.751454447206028,3.64944384425759
