"","n","mean","sd","min","max"
"Surface_Temp_C",371,28.94,1.26,26.34,31.25
"Surface_Sal_psu",363,36.31,0.9,33.37,38.07
"Surface_DO_mg_L",371,6.24,0.35,4.37,8.24
"Surface_pH",331,8.15,0.05,8,8.29
"Bottom_Temp_C",369,28.85,1.26,26.35,31.15
"Bottom_Sal_psu",361,36.38,0.88,33.19,38.08
"Bottom_DO_mg_L",369,6.13,0.41,3.87,8.39
"Bottom_pH",342,8.15,0.05,8,8.27
"Secchi_Depth_m",129,10.2,4.66,2.67,23.67
"Surface_DIC_umol_kg",349,2005.81,28.2,1911.01,2073
"Bottom_DIC_umol_kg",353,2008.06,28.93,1927.15,2196.08
"Surface_TA_umol_kg",299,2345.54,38.01,2162,2437
"Bottom_TA_umol_kg",297,2346.27,38.9,2162,2444
"Surface_BOD_mg_L",374,0.53,0.52,-0.08,3.78
"Bottom_BOD_mg_L",374,0.52,0.55,-0.12,4.41
"Bottom_SS_ml_L",374,0,0.02,0,0.3
"Bottom_TSS_mg_L",374,7.31,6.04,0,60
"Bottom_Turbidity_NTU",374,0.17,0.31,0,4.45
"Bottom_Chl-a_ug_L",372,0.42,0.33,0,2.51
"Bottom_PO4_mg_L",369,0.01,0.02,0,0.46
"Bottom_NOx_mg_L",372,0.01,0.01,-0.01,0.13
"Bottom_TKN_mg_L",371,0.09,0.26,-0.75,1.06
"Bottom_Enterococcus_MPN_100mL",374,7.7,43.76,0,697
