Sampling_Cycle,Site_Name,Location,Site_Code,Region,Zone,Latitude,Longitude,Depth,Month,Day,Year,Date,Captain,Crew_1,Crew_2,Crew_3,Time_In,Time_Out,Surface_Temp_C,Surface_Temp_Depth_m,Surface_Sal_psu,Surface_Sal_Depth_m,Surface_DO_mg_L,Surface_DO_Depth_m,Surface_pH,Surface_pH_Depth_m,Bottom_Temp_C,Bottom_Temp_Depth_m,Bottom_Sal_psu,Bottom_Sal_Depth_m,Bottom_DO_mg_L,Bottom_DO_Depth_m,Bottom_pH,Bottom_pH_Depth_m,Secchi_Depth_1_m,Secchi_Depth_2_m,Secchi_Depth_3_m,Secchi_Avg_Depth,Surface_Van_Dorn_Depth_m,Bottom_Van_Dorn_Depth_m,TSS,Note,Total_Suspended_Solids,Enterococcus,Settleable_Solids,Surface_BOD,Bottom_BOD,Chl_a,Turbidity_NTU,TKN,POx_NOx,Bottom_TA_DIC,Surface_TA_DIC,SS,TSS (mg/L),Enterococcus (MPN),SS (ml/L),Surface BOD (mg/L),Bottom BOD (mg/L),Chl-a (µg/L),Turbidity (NTU),Surface DIC (µmol/kg),Bottom DIC (µmol/kg),Surface TA (µmol/kg),Bottom TA (µmol/kg),NOx (mg/L),NOx LOD (mg/L),PO4 (mg/L),PO4 LOD (mg/L),TKN (mg/L),TKN LOD (mg/L)
8,Puerto Botes 20m,Isla Desecheo,BOTE20,Mona/Desecheo,W,18.38158,-67.4886,20,2,21,25,2/21/2025,Kike,Manuel O,Johann,NA,07:45,08:01,27.11,0.56,35.96,0.61,6.61,0.69,8.13,0.65,27.12,18.17,35.98,18.05,6.45,18.1,8.15,17.94,>20,>20,>20,>20,0.5,18,21,NA,21,24,20,16,17,122,19,23,22,15,14,20,26.4,< 10,< 0.1,0.5,0.12,1.38,0.45,2015,2014,2401,2401,0.003,0.003,0.013,0.013,0.24,0.24
8,Tres Palmas 20m,Rincon,TRES20,West,W,18.34652,-67.2712,20,2,21,25,2/21/2025,Kike,Manuel O,Johann,NA,09:47,10:05,27.17,0.48,35.97,0.55,6.31,0.58,8.15,0.56,27.13,18.01,36,17.88,5.98,18.09,8.15,18.01,17.5,18,17,17.5,0.5,18,47,NA,47,50,46,42,43,44,45,49,48,41,40,46,3.6,< 10,< 0.1,0.55,0.44,1.26,0.25,2031,2032,2396,2394,0.007,0.007,0.016,0.016,-0.17,<0.08
8,Puerto Canoas 30m,Isla Desecheo,CANO30,Mona/Desecheo,W,18.37747,-67.484,30,2,21,25,2/21/2025,Kike,Manuel O,Johann,NA,08:36,08:58,27.11,0.51,35.96,0.65,6.54,0.5,8.17,0.53,27.11,28.53,36,28.2,6.43,27.88,8.17,27.61,>30,>30,>30,>30,0.5,25,60,NA,60,63,59,55,56,57,58,62,61,54,53,59,7.2,< 10,< 0.1,0.89,0.72,0.95,0.15,2016,2020,2399,2398,0.004,0.004,0.014,0.014,0.15,0.15
8,Manchas Exteriores 10m,Mayaguez,MEXT10,West,W,18.23353,-67.2006,10,2,21,25,2/21/2025,Kike,Manuel O,Johann,NA,11:37,11:50,27.47,0.56,36.02,0.52,6.48,0.54,8.16,0.55,27.25,8.16,36.1,8.13,6.45,8.06,8.17,8.04,>10,>10,>10,>10,0.5,8,86,NA,86,89,85,81,82,83,84,88,87,80,79,85,2.7,< 10,< 0.1,0.25,0.49,1.85,0.3,2025,2022,2397,2395,0.003,0.003,0.011,0.011,0.06,<0.08
8,Manchas Exteriores 20m,Mayaguez,MEXT20,West,W,18.2335,-67.2009,20,2,21,25,2/21/2025,Kike,Manuel O,Johann,NA,11:13,11:31,27.46,0.53,35.95,0.54,6.52,0.5,8.17,0.51,27.17,17.3,36.03,17.34,6.28,17.33,8.16,17.3,13.25,13,13,13.08333333,0.5,15,99,NA,99,102,98,94,95,96,97,101,100,93,92,98,2.9,< 10,< 0.1,0.74,0.97,2.51,0.15,2024,2021,2399,2398,0.004,0.004,0.012,0.012,0.21,0.21
8,Tres Palmas 10m,Rincon,TRES10,West,W,18.34732,-67.27,10,2,21,25,2/21/2025,Kike,Manuel O,Johann,NA,10:15,10:29,27.2,0.54,35.96,0.56,6.14,0.51,8.14,0.57,27.1,8.08,35.99,8.09,5.9,8.02,8.13,8.07,>10,>10,>10,>10,0.5,104,112,NA,112,115,111,107,108,109,110,114,113,106,105,111,4.5,< 10,< 0.1,0.23,0.35,1.57,0.15,2036,2042,2401,2393,0.016,0.016,0.003,0.003,0.01,<0.08
8,Maria Langa 5m,Guayanilla,MLAN05,South,S,17.96488,-66.7565,5,3,6,25,3/6/2025,Kike,Manuel O,Johann,NA,11:46,11:56,27.76,0.55,36.05,0.5,6.23,0.53,8.13,0.53,27.68,3.36,36.16,3.34,6.1,3.29,8.12,3.09,>5,>5,>5,>5,0.5,NA,125,NA,125,128,124,120,121,5,123,127,126,119,118,124,7.1,< 10,< 0.1,0.09,0.16,0,0.4,2053,2052,2390,2415,0.002,0.002,0.008,0.008,0.21,0.21
8,Tres Palmas 05m,Rincon,TRES05,West,W,18.35072,-67.2669,5,2,21,25,2/21/2025,Kike,Manuel O,Johann,NA,10:35,10:47,27.18,0.61,35.99,0.59,6.12,0.61,8.12,0.59,27.03,4.14,36.04,4.08,5.85,4.05,8.11,4.04,>5,>5,>5,>5,0.5,4,151,NA,151,154,150,146,147,148,149,153,152,145,144,150,3.7,< 10,< 0.1,0.25,0.28,1.74,0.2,2049,2052,2391,2393,0.008,0.008,0.012,0.012,0.03,<0.08
8,Carlos Rosario 10m,Isla Culebra,CROS10,Vieques/Culebra,E,18.32779,-65.332,10,3,4,25,3/4/2025,Tyrone,Manuel O,Aliyah,Victoria,09:27,09:40,26.92,0.7,36.39,0.61,6.4,0.63,8.15,0.62,26.71,5.28,36.4,3.2,6.05,3.18,8.14,3.2,>10,>10,>10,>10,0.5,3,164,NA,164,167,163,159,160,161,162,166,165,158,157,163,3.5,< 10,< 0.1,0.49,0.51,0.75,0.15,2045,2046,2414,2417,0.003,0.003,0.004,<0.006,-0.01,<0.08
8,Dakiti 20m,Isla Culebra,DAKI20,Vieques/Culebra,E,18.27587,-65.2773,20,3,4,25,3/4/2025,Tyrone,Manuel O,Aliyah,Victoria,08:09,08:28,26.83,0.63,36.35,0.7,6.5,0.61,8.1,0.68,26.83,18.74,36.41,18.73,6.39,18.72,8.13,18.47,12,12,11.2,11.73333333,0.5,18,177,NA,177,180,176,172,173,174,175,179,178,171,170,176,5.3,< 10,< 0.1,0.37,0.45,0.61,0.05,2043,2042,2423,2424,0,<0.002,0.457,0.457,0.1,0.1
8,Cabezas de San Juan 5m,Fajardo,CABE05,North/Northeast,E,18.38544,-65.6297,5,3,4,25,3/4/2025,Tyrone,Manuel O,Aliyah,Victoria,12:01,12:13,27.22,0.58,36.26,0.6,6.7,0.69,8.17,0.55,27.21,3.11,36.27,3.22,6.75,3.2,8.17,3.09,>3,>3,>3,>3,0.5,3,190,NA,190,193,189,185,186,187,188,192,191,184,183,189,3.4,< 10,< 0.1,0.23,0.11,0.99,0.1,1991,1983,2385,2393,0.003,0.003,0.006,0.006,-0.05,<0.08
8,Puerto Botes 15m,Isla Desecheo,BOTE15,Mona/Desecheo,W,18.382,-67.4883,15,2,21,25,2/21/2025,Kike,Manuel O,Johann,NA,08:10,08:30,27.09,0.63,36.03,0.59,6.47,0.73,8.16,0.66,27.11,12.73,36.01,12.68,6.39,13.11,8.16,13.01,>15,>15,>15,>15,0.5,13,203,NA,203,206,202,198,199,200,201,205,204,197,196,202,2.9,< 10,< 0.1,0.13,0.33,0.89,0,2021,2019,2397,2397,0.009,0.009,0.003,0.003,0.13,0.13
8,Cayo Rodriguez 5m,Mayaguez,RODR05,West,W,18.1893,-67.1919,5,3,10,25,3/10/2025,Rodolfo,Manuel O,Johann,NA,11:56,12:10,28.21,0.51,36.07,0.49,6.48,0.52,8.16,0.54,27.77,4.36,36.15,4.34,6.45,4.37,8.17,4.35,4.5,4.75,4.25,4.5,0.5,4,216,NA,216,219,215,211,212,213,214,218,217,210,209,215,6.1,< 10,< 0.1,0.42,0.09,0.2,1.25,2028,2020,2388,2384,-0.001,<0.002,NA,NA,0.38,0.38
8,Canal Luis Pena 5m,Isla Culebra,LPEN05,Vieques/Culebra,E,18.30493,-65.3277,5,3,4,25,3/4/2025,Tyrone,Manuel O,Aliyah,Victoria,08:55,09:11,26.88,0.63,36.39,0.71,6.53,0.65,8.14,0.72,26.8,2.94,36.41,2.89,6.27,2.9,8.13,3,>5,>5,>5,>5,0.5,3,255,NA,255,258,254,250,251,252,253,257,256,249,248,254,7.1,10,< 0.1,0.65,0.79,0.43,0.3,2047,2055,2421,2420,0,<0.002,0.006,0.006,0.05,<0.08
8,El Negro 5m,Cabo Rojo,NEGR05,West,W,18.14658,-67.2476,5,3,10,25,3/10/2025,Rodolfo,Manuel O,Johann,NA,09:29,09:41,27.4,0.56,36.18,0.55,6.16,0.56,8.14,0.49,27.38,2.88,36.24,2.75,6.05,3.03,8.15,3.12,>5,>5,>5,>5,0.5,3,268,NA,268,271,267,263,264,265,266,270,269,262,261,267,4.9,< 10,< 0.1,0.9,0.92,0.36,0.7,2023,2027,2402,2404,0,<0.002,0.009,0.009,0.02,<0.06
8,Resuellos 10m,Cabo Rojo,RESU10,West,W,17.99116,-67.2332,10,3,10,25,3/10/2025,Rodolfo,Manuel O,Johann,NA,08:17,08:29,27.72,0.55,36.07,0.62,6.3,0.67,8.14,0.62,27.72,8.4,36.08,8.4,6.24,8.41,8.13,8.45,7,7,7,7,0.5,8,281,NA,281,284,280,276,277,278,279,283,282,275,274,280,8.8,< 10,< 0.1,0.52,0.34,0.53,1.15,2017,2014,2380,2373,0.006,0.006,0.002,0.002,0.04,<0.06
8,Tourmaline 30m,Cabo Rojo,TOUR30,West,W,18.16637,-67.2763,30,3,10,25,3/10/2025,Rodolfo,Kike,Kike,Kike,09:57,10:13,27.62,0.52,36.09,0.55,6.49,0.53,8.17,0.53,27.12,25.51,36.33,25.43,6.38,25.62,8.18,25.01,22.5,22.5,22.5,22.5,0.5,25,294,NA,294,297,293,289,290,291,292,296,295,288,287,293,4.1,< 10,< 0.1,0.92,0.87,0.23,0,2014,2026,2409,2422,-0.001,<0.002,NA,NA,0.07,0.07
8,Guanajibo 20m,Mayaguez,GUAN20,West,W,18.17202,-67.253,20,3,10,25,3/10/2025,Rodolfo,Manuel O,Johann,NA,11:16,11:30,27.6,0.54,36.15,0.56,6.49,0.55,8.18,0.59,27.36,15.25,36.15,15.21,6.49,15.39,8.18,15.4,17.75,18.25,18,18,0.5,18,307,NA,307,310,306,302,303,304,305,309,308,301,300,306,7.2,< 10,< 0.1,0.14,0.14,0.11,0.1,2020,2016,2399,2395,-0.001,<0.002,0.003,0.003,0.07,0.07
8,Maria Langa 10m,Guayanilla,MLAN10,South,S,17.96093,-66.7529,10,3,6,25,3/6/2025,Kike,Manuel O,Johann,NA,11:23,11:35,27.78,0.56,36.12,0.54,6.23,0.5,8.12,0.57,27.51,8.14,36.16,8.3,6.3,8.36,8.15,8.53,6.75,6.75,5.5,6.333333333,0.5,8,320,NA,320,323,319,315,316,317,318,322,321,314,313,319,6.2,< 10,< 0.1,0.45,0.19,0.65,0.55,2033,2030,2409,2408,0,<0.002,0.005,<0.006,0.17,0.17
8,Derrumbadero 20m,Ponce,DERR20,South,S,17.904,-66.6086,20,3,6,25,3/6/2025,Kike,Manuel O,Johann,NA,10:05,10:21,27.23,0.52,36.19,0.47,6.52,0.55,8.17,0.53,27.2,14.36,36.2,14.8,6.36,15.18,8.17,14.71,13,13,13,13,0.5,15,333,NA,333,336,332,328,329,330,331,335,334,327,326,332,9.4,< 10,< 0.1,0.21,0.03,0.61,0.35,2024,2018,2407,2411,0.001,<0.002,0.009,0.009,0.11,0.11
8,El Negro 10m,Cabo Rojo,NEGR10,West,W,18.14653,-67.248,10,3,10,25,3/10/2025,Rodolfo,Manuel O,Johann,NA,09:08,09:21,27.38,0.65,36.15,0.62,6.29,0.61,8.16,0.63,27.36,36.21,36.21,8.28,6.16,8.33,8.16,8.32,12,11.75,12.25,12,0.5,10,346,NA,346,349,345,341,342,343,344,348,347,340,339,345,4.5,< 10,< 0.1,0.91,0.95,0.36,0.9,2044,2040,2404,2406,0,<0.002,0.001,<0.001,0.04,<0.06
8,Gallardo 5m,Cabo Rojo,GALLO05,West,W,18.0017,-67.3299,5,3,10,25,3/10/2025,Rodolfo,Manuel O,Johann,NA,07:12,07:25,27.84,0.58,36.15,0.56,6.37,0.59,8.05,0.63,27.84,3.22,36.21,3.15,6.04,3.3,8.08,3.31,>5,>5,>5,>5,0.5,3,359,NA,359,362,358,354,355,356,357,361,360,353,352,358,6.1,< 10,< 0.1,0.51,0.45,0,0.4,2024,2023,2385,2405,0.003,0.003,0.003,0.003,0.01,<0.06
8,Tourmaline 20m,Cabo Rojo,TOUR20,West,W,18.16517,-67.2752,20,3,10,25,3/10/2025,Rodolfo,Manuel O,Johann,NA,10:25,10:40,27.79,0.52,36.28,0.51,6.42,0.58,8.16,0.56,27.25,18.18,36.29,18.1,6.43,18.04,8.17,18.45,>20,>20,>20,>20,0.5,18,372,NA,372,375,371,367,368,369,370,374,373,366,365,371,6.7,< 10,< 0.1,0.03,0.03,0.25,0,2007,2027,2404,2415,-0.002,<0.002,0.011,0.011,0.08,0.08
8,Tourmaline 10m,Cabo Rojo,TOUR10,West,W,18.16304,-67.2737,10,3,10,25,3/10/2025,Rodolfo,Manuel O,Johann,NA,10:48,11:00,27.71,0.55,36.16,0.54,6.35,0.5,8.16,0.54,27.25,8.58,36.31,8.32,6.4,8.61,8.18,8.53,10,10,10,10,0.5,8,385,NA,385,388,384,380,381,382,383,387,386,379,378,384,5.4,< 10,< 0.1,0.02,0.02,0,0.35,NA,NA,2405,2401,0.001,<0.002,0.103,0.103,0.19,0.19
8,Maria Langa 20m,Guayanilla,MLAN20,South,S,17.95953,-66.747,20,3,6,25,3/6/2025,Kike,Manuel O,Johann,NA,11:01,11:17,27.79,0.53,36.04,0.58,6.47,0.53,8.13,0.59,27.32,18.41,36.19,18.38,6.35,18.23,8.16,18.4,7,6.75,6.5,6.75,0.5,18,398,NA,398,401,397,393,394,395,396,400,399,392,391,397,5.6,< 10,< 0.1,0.09,0.3,0.99,0.05,2034,2027,2389,2403,0.005,0.005,0.006,0.006,0.19,0.19
8,Canjilones 15m,Isla Vieques,CANJ15,Vieques/Culebra,E,18.08964,-65.5901,15,3,3,25,3/3/2025,Tyrone,Manuel O,Aliyah,Victoria,11:09,11:23,27.29,0.58,36.4,0.59,6.42,0.56,8.17,0.69,27.14,12.91,36.43,12.29,6.43,12.55,8.18,12.32,>13,>13,>13,>13,0.5,13,411,NA,411,414,410,406,407,408,409,413,412,405,404,410,5.1,< 10,< 0.1,0.55,0.84,0.21,0.65,2042,2032,2422,2436,0.003,0.003,0.01,0.01,0.25,0.25
8,Esperanza 10m,Isla Vieques,ESPE10,Vieques/Culebra,E,18.08057,-65.4879,10,3,3,25,3/3/2025,Tyrone,Manuel O,Aliyah,Victoria,10:18,10:30,27.1,0.67,36.45,0.67,6.29,0.7,8.15,0.71,27.03,8.37,36.43,8.33,6.32,8.41,8.16,8.47,>8,>8,>8,>8,0.5,8,437,NA,437,440,436,432,433,434,435,439,438,431,430,436,4,< 10,< 0.1,0.21,0.31,0.36,0.1,2048,2049,2420,2419,0.001,<0.002,0.005,<0.006,0.01,<0.08
8,Cibuco 05m,Vega Baja,CIBU05-R,North/Northeast,N,18.48955,-66.3736,5,4,8,25,4/8/2025,David,Manuel O,Carlos,NA,08:33,08:50,26.84,0.52,36.62,0.53,6.37,0.55,8.16,0.53,26.84,3.12,36.63,3.14,6.29,3.18,8.16,3.16,>5,>5,>5,>5,0.5,3,450,NA,450,453,449,445,446,447,448,452,451,444,443,449,6,20,< 0.1,0.46,0.16,0.13,0.05,2042,2042,2423,2421,-0.002,<0.000,-0.001,<0.001,0.13,<0.23
8,Cayo Caribes 10m,Salinas,CARI10,Southeast,S,17.91533,-66.2141,10,3,6,25,3/6/2025,Kike,Manuel O,Johann,NA,07:45,07:59,27.45,0.51,36.13,0.51,6.42,0.58,8.07,0.58,27.44,8.5,36.15,8.73,5.99,8.6,8.1,8.72,5,5.25,5.25,5.166666667,0.5,8,463,NA,463,466,462,458,459,460,461,465,464,457,456,462,4.5,< 10,< 0.1,0.18,0.51,0.78,0.3,2012,2014,2391,2395,-0.002,<0.002,0,<0.001,-0.01,<0.08
8,Cayo Aurora 5m,Guanica,AURO05-R,Southwest,SW,17.9369,-66.8738,5,3,12,25,3/12/2025,Orlando,Manuel O,Victoria,NA,07:41,07:35,27.9,0.58,36.18,0.56,6.2,0.46,8.12,0.53,27.92,3.02,36.25,3.1,5.97,2.92,8.13,2.95,>5,>5,>5,>5,0.5,3,489,NA,489,492,488,484,485,486,487,491,490,483,482,488,1.2,< 10,< 0.1,0.97,0.16,0.6,1,2038,2039,2389,2392,0.004,0.004,0.005,0.005,0.02,<0.06
8,Palominos 20m,Fajardo,PALN20,North/Northeast,E,18.35466,-65.5671,20,3,4,25,3/4/2025,Tyrone,Manuel O,Aliyah,Victoria,11:23,11:37,27.14,0.58,36.31,0.63,6.49,0.61,8.17,0.72,27.03,16.97,36.38,16.87,6.55,16.9,8.17,17.08,10.5,10,10.25,10.25,0.5,18,502,NA,502,505,501,497,498,499,500,504,503,496,495,501,4.1,< 10,< 0.1,0.74,0.8,1.57,0.2,2014,2014,2410,2409,0.001,<0.002,-0.003,<0.001,0.04,<0.08
8,West Reef 10m,Ponce,CDMU10,South,S,17.89502,-66.5284,10,3,6,25,3/6/2025,Kike,Manuel O,Johann,NA,09:29,09:45,27.27,0.74,36.19,0.75,6.38,0.59,8.16,0.51,27.29,8.15,36.21,8.23,6.39,8.07,8.17,8.14,>10,>10,>10,>10,0.5,8,515,NA,515,518,514,510,511,512,513,517,516,509,508,514,4.4,< 10,< 0.1,0.23,0.13,0.23,0.2,2022,2019,2404,2392,0.002,0.002,0.006,0.006,0.22,0.22
8,Boya Vieja 20m,La Parguera,BOYA20,Southwest,SW,17.88827,-66.9978,20,3,12,25,3/12/2025,Orlando,Manuel O,Victoria,NA,09:51,10:05,27.64,0.48,36.21,0.53,6.44,0.55,8.18,0.56,27.59,18.33,36.22,18.3,6.43,17.93,8.19,17.86,>18,>18,>18,>18,0.5,18,528,NA,528,531,527,523,524,525,526,530,529,522,521,527,0.03,< 10,< 0.1,0.16,0.49,0.95,0.05,2018,2012,2398,2401,0,<0.002,0.002,0.002,0.01,<0.06
8,Cayo Coral 10m,Guanica,CORA10-R,Southwest,SW,17.9362,-66.8884,10,3,12,25,3/12/2025,Orlando,Manuel O,Victoria,NA,08:38,08:48,27.94,0.69,36.21,0.72,6.32,0.69,8.15,0.74,27.95,8.83,36.23,8.79,6.14,8.88,8.14,8.74,13,9.5,9.5,10.66666667,0.5,8,541,NA,541,544,540,536,537,538,539,543,542,535,534,540,3,< 10,< 0.1,0.17,0.32,0.57,0.05,2026,2027,2397,2387,0,<0.002,0.003,0.003,0.07,0.07
8,Cayo Ratones 5m,Salinas,RATO05,Southeast,S,17.9346,-66.3025,5,3,6,25,3/6/2025,Kike,Manuel O,Johann,NA,08:23,08:36,27.46,0.59,36.09,0.55,6.24,0.51,8.07,0.49,27.44,3.67,36.13,3.66,6.13,3.57,8.1,3.45,>5,>5,>5,>5,0.5,3,554,NA,554,557,553,549,550,551,552,556,555,548,547,553,7.4,< 10,< 0.1,0.69,0.62,0.83,1.05,2006,2017,2385,2373,0.002,0.002,0.005,<0.006,-0.01,<0.08
8,El Seco 30m,Isla Vieques,SECO30,Vieques/Culebra,E,18.13869,-65.1971,30,3,3,25,3/3/2025,Tyrone,Manuel O,Aliyah,Victoria,08:42,09:04,26.77,0.61,36.5,0.63,6.6,0.75,8.09,0.76,26.75,27.81,36.63,28.19,6.41,28.1,8.14,28.45,20,20,19,19.66666667,0.5,25,567,NA,567,570,566,562,563,564,565,569,568,561,560,566,4.4,< 10,< 0.1,0.3,0.42,1.1,0,2040,2041,2437,2434,0.002,0.002,0.005,<0.006,0.07,<0.08
8,Cayo Diablo 5m,Fajardo,DIAB05,North/Northeast,E,18.36033,-65.5309,5,3,4,25,3/4/2025,Tyrone,Manuel O,Aliyah,Victoria,10:41,11:00,27.02,0.72,36.28,0.54,6.59,0.7,8.17,0.77,27,3.11,36.28,3.28,6.65,3.22,8.17,3.27,>3,>3,>3,>3,0.5,3,580,NA,580,583,579,575,576,577,578,582,581,574,573,579,2.6,< 10,< 0.1,0.46,0.6,1.2,0.1,2037,2039,2416,2415,0.003,0.003,0.005,<0.006,0.06,<0.08
8,Palominitos 10m,Fajardo,PALT10,North/Northeast,E,18.33537,-65.5656,10,3,3,25,3/3/2025,Tyrone,Manuel O,Aliyah,Victoria,12:28,12:38,27.23,0.64,36.32,0.71,6.52,0.79,8.19,0.62,27.04,8.79,36.4,8.82,6.61,8.8,8.19,8.75,>8,>8,>8,>8,0.5,8,593,NA,593,596,592,588,589,590,591,595,594,587,586,592,3.1,< 10,< 0.1,0.22,0.42,0,0.2,2031,2025,2417,2444,0.001,<0.002,0.015,0.015,0.08,0.08
8,Efras Wall 20m,La Parguera,EWAL20,Southwest,SW,17.8976,-66.9599,20,3,12,25,3/12/2025,Orlando,Manuel O,Victoria,NA,09:02,09:14,27.72,0.74,36.17,0.73,6.42,0.75,8.17,0.74,27.72,18.26,36.19,18.19,6.25,18.2,8.17,18.27,>18,>18,>18,>18,0.5,18,606,NA,606,609,605,601,602,603,604,608,607,600,599,605,2.4,< 10,< 0.1,0.05,0.22,0.19,0.45,2020,2017,2398,2391,0,<0.002,0.001,<0.001,0.59,0.59
8,Media Luna 10m,La Parguera,MLUN10,Southwest,SW,17.93472,-67.0485,10,3,12,25,3/12/2025,Orlando,Manuel O,Victoria,NA,10:25,10:37,28.19,0.69,36.31,0.68,6.43,0.64,8.16,0.7,28.11,5.05,36.3,5.07,6.8,5.02,8.17,4.97,>10,>10,>10,>10,0.5,4,619,NA,619,622,618,614,615,616,617,621,620,613,612,618,3.4,< 10,< 0.1,0.72,0.57,0.57,0.35,2017,2011,2394,2388,0.002,0.002,0.002,0.002,0.02,<0.06
8,Cayo Coral 10m,Guanica,CORA10,Southwest,SW,17.9362,-66.8884,10,3,12,25,3/12/2025,Orlando,Manuel O,Victoria,NA,08:13,08:24,27.95,0.57,36.28,0.56,6.32,0.55,8.14,0.59,27.93,8.49,36.17,8.3,6.17,8.47,8.14,8.45,13,9.5,9.5,10.66666667,0.5,8,645,NA,645,648,644,640,641,642,643,647,646,639,638,644,2.8,< 10,< 0.1,0.11,0.08,0.4,0.05,2021,2023,2388,2392,0,<0.002,0.002,0.002,0.03,<0.06
8,Cayo Aurora 5m,Guanica,AURO05,Southwest,SW,17.9369,-66.8738,5,3,12,25,3/12/2025,Orlando,Manuel O,Victoria,NA,07:12,07:35,27.95,0.65,36.27,0.64,6.02,0.61,8.08,0.61,27.95,3.01,36.17,3.05,5.81,3.16,8.09,3.12,>5,>5,>5,>5,0.5,3,658,NA,658,661,657,653,654,655,656,660,659,652,651,657,2.5,< 10,< 0.1,0.33,0.02,0.62,1,2042,2042,2389,2385,0.002,0.002,0.002,0.002,0.04,<0.06
8,Efras Wall 20m,La Parguera,EWAL20-R,Southwest,SW,17.8976,-66.9599,20,3,12,25,3/12/2025,Orlando,Manuel O,Victoria,NA,09:18,09:28,27.74,0.65,36.31,0.67,6.36,0.59,8.17,0.69,27.74,17.56,36.31,17.54,6.37,17.62,8.18,17.66,>18,>18,>18,>18,0.5,18,671,NA,671,674,670,666,667,668,669,673,672,665,664,670,2,< 10,< 0.1,0.2,0.07,1.22,0.45,2017,2017,2398,2396,0,<0.002,0.002,0.002,0.19,0.19
8,Media Luna 5m,La Parguera,MLUN05,Southwest,SW,17.93937,-67.0507,5,3,12,25,3/12/2025,Orlando,Manuel O,Victoria,NA,10:47,11:02,28.36,0.62,36.29,0.6,6.6,0.62,8.18,0.6,27.9,3.51,36.31,3.43,6.74,3.5,8.15,3.48,>3,>3,>3,>3,0.5,3,684,NA,684,687,683,679,680,681,682,686,685,678,677,683,3.5,< 10,< 0.1,0.58,0.46,0.87,0.55,1992,2002,2363,2374,0,<0.002,0.001,<0.001,0,<0.06
8,Cibuco 05m,Vega Baja,CIBU05,North/Northeast,N,18.48955,-66.3736,5,4,8,25,4/8/2025,David,Manuel O,Carlos,NA,08:10,08:27,26.85,0.56,36.6,0.59,6.37,0.51,8.16,0.53,26.85,3.15,36.68,3.1,6.36,3.12,8.16,3.11,>5,>5,>5,>5,0.5,3,697,NA,697,700,696,692,693,694,695,699,698,691,690,696,6.6,< 10,< 0.1,0.32,0.18,0.15,0.05,2046,2042,2425,2425,0.002,0.002,0,<0.001,0.41,0.41
8,Dominos 5m,San Juan,DOMI05,North/Northeast,N,18.46222,-66.0517,5,4,8,25,4/8/2025,David,Manuel O,Carlos,NA,11:39,11:56,26.84,0.46,36.66,0.55,6.8,0.55,8.2,0.6,NA,NA,NA,NA,NA,NA,NA,NA,>5,>5,>5,>5,0.5,3,710,EUREKA did not turn on for bottom measurements,710,713,709,705,706,707,708,712,711,704,703,709,6.9,< 10,< 0.1,0.59,0.21,0.18,0.35,2035,2036,2406,2407,-0.003,<0.000,-0.001,<0.001,0.45,0.45
8,Dominos 5m,San Juan,DOMI05-R,North/Northeast,N,18.46222,-66.0517,5,4,8,25,4/8/2025,David,Manuel O,Carlos,NA,12:18,12:28,26.86,0.58,36.71,0.54,6.96,0.52,8.2,0.52,NA,NA,NA,NA,NA,NA,NA,NA,>5,>5,>5,>5,0.5,3,723,EUREKA did not turn on for bottom measurements,723,726,722,718,719,720,721,725,724,717,716,722,6.7,< 10,< 0.1,0.56,0.18,0.15,0.35,2049,2039,2417,2420,-0.001,<0.000,-0.001,<0.001,0.35,0.35
