"Sampling_Cycle","Site_Name","Location","Site_Code","Region","Zone","Latitude","Longitude","Depth","Month","Day","Year","Date","Captain","Crew_1","Crew_2","Crew_3","Time_In","Time_Out","Surface_Temp_C","Surface_Temp_Depth_m","Surface_Sal_psu","Surface_Sal_Depth_m","Surface_DO_mg_L","Surface_DO_Depth_m","Surface_pH","Surface_pH_Depth_m","Bottom_Temp_C","Bottom_Temp_Depth_m","Bottom_Sal_psu","Bottom_Sal_Depth_m","Bottom_DO_mg_L","Bottom_DO_Depth_m","Bottom_pH","Bottom_pH_Depth_m","Secchi_Depth_1_m","Secchi_Depth_2_m","Secchi_Depth_3_m","Secchi_Avg_Depth","Surface_Van_Dorn_Depth_m","Bottom_Van_Dorn_Depth_m","TSS","Note","Total_Suspended_Solids","Enterococcus","Settleable_Solids","Surface_BOD","Bottom_BOD","Chl_a","Turbidity_NTU","TKN","POx_NOx","Bottom_TA_DIC","Surface_TA_DIC","SS","TSS (mg/L)","Enterococcus (MPN)","SS (ml/L)","Surface BOD (mg/L)","Bottom BOD (mg/L)","Chl-a (µg/L)","Turbidity (NTU)","Surface DIC (µmol/kg)","Bottom DIC (µmol/kg)","Surface TA (µmol/kg)","Bottom TA (µmol/kg)","NOx (mg/L)","NOx LOD (mg/L)","PO4 (mg/L)","PO4 LOD (mg/L)","TKN (mg/L)","TKN LOD (mg/L)"
6,"El Seco 30m","Isla Vieques","SECO30","Vieques/Culebra","E",18.13869,-65.1971,30,9,7,24,"9/7/24","Luis","Johann","Victoria","NA","08:44",NA,30.07,0.51,37.92,0.67,6.2,0.56,"8.16",0.5,29.95,20.76,38.08,20.53,6.03,20.13,"8.16",20.52,"NA","NA","NA","NA",0.5,"NA",-999,"strong current",-999,-999,-999,250,-999,-999,-999,-999,-999,-999,248,-999,NA,NA,NA,NA,NA,NA,NA,NA,NA,NA,NA,NA,NA,NA,NA,NA,NA
6,"Puerto Botes 15m","Isla Desecheo","BOTE15","Mona/Desecheo","W",18.382,-67.4883,15,8,27,24,"8/27/24","Anibal","Manuel O","Johann","Victoria","07:25","07:39",29.91,0.52,35.92,0.52,6.32,0.52,"8.16",0.52,29.95,15.57,36.26,15.57,6.13,15.57,"8.17",15.57,">15",">15",">15",">15",0.5,"16",8,NA,8,11,7,3,4,5,6,10,9,2,1,7,7.9,"30","< 0.1","0.26","0.32",0.31,0,1983,1995,2307,2317,0.011,"0.011",0.006,"0.006",0.08,"0.08"
6,"Puerto Botes 20m","Isla Desecheo","BOTE20","Mona/Desecheo","W",18.38158,-67.4886,20,8,27,24,"8/27/24","Anibal","Manuel O","Johann","Victoria","07:48","07:56",29.92,0.57,35.95,0.57,6.28,0.57,"8.17",0.57,29.99,17.49,36.29,17.49,6.16,17.49,"8.17",17.49,">20",">20",">20",">20",0.5,"17",21,NA,21,24,20,16,17,18,19,23,22,15,14,20,9.9,"31","< 0.1","0.33","0.56",0.53,0,1986,1992,2305,2316,0.012,"0.012",0.005,"0.005",0.114,"0.114"
6,"Puerto Canoas 30m","Isla Desecheo","CANO30","Mona/Desecheo","W",18.37747,-67.484,30,8,27,24,"8/27/24","Anibal","Manuel O","Johann","Victoria","08:02","08:15",29.96,0.51,35.86,0.51,6.34,0.51,"8.18",0.51,29.74,26.6,36.6,26.6,6.04,26.6,"8.17",26.6,">30",">30",">30",">30",0.5,"27",34,NA,34,37,33,29,30,31,32,36,35,28,27,33,9.8,"< 10","< 0.1","0.08","0.69",0.19,0.1,1989,2019,2310,2340,0.012,"0.012",0.006,"0.006",0.075,"0.075"
6,"Tres Palmas 05m","Rincon","TRES05","West","W",18.35072,-67.2669,5,8,27,24,"8/27/24","Anibal","Manuel O","Johann","Victoria","08:59","09:10",29.91,0.47,35.93,0.47,6.35,0.47,"8.19",0.47,29.92,2.18,35.95,2.18,6.29,2.18,"8.19",2.18,">5",">5",">5",">5",0.5,"2",47,NA,47,50,46,42,43,44,45,49,48,41,40,46,6.9,"52","< 0.1","0.12","0.78",0.92,0.25,1987,1992,2314,2309,0.007,"0.007",0.006,"0.006",0.08,"0.08"
6,"Tres Palmas 10m","Rincon","TRES10","West","W",18.34732,-67.27,10,8,27,24,"8/27/24","Anibal","Manuel O","Johann","Victoria","09:14","09:25",29.97,0.5,35.91,0.5,6.38,0.5,"8.1199999999999992",0.5,29.95,8.74,36.04,8.74,6.41,8.74,"8.19",8.74,">10",">10",">10",">10",0.5,"8",60,NA,60,63,59,55,56,57,58,62,61,54,53,59,5.4,"41","< 0.1","0.07","0.09",0.53,0.25,1979,1980,2318,2314,0.017,"0.017",0.008,"0.008",0.078,"0.078"
6,"Tres Palmas 20m","Rincon","TRES20","West","W",18.34652,-67.2712,20,8,27,24,"8/27/24","Anibal","Manuel O","Johann","Victoria","09:29","09:40",30,0.52,35.94,0.52,6.4,0.52,"8.19",0.52,29.95,17.68,36.14,17.68,6.39,17.68,"8.18",17.68,"11","NA","NA","11",0.5,"17",73,NA,73,76,72,68,69,70,71,75,74,67,66,72,8,"< 10","< 0.1","0.25","0.26",0.58,0.1,1975,1972,2314,2309,0.008,"0.008",0.004,"0.004",0.071,"0.071"
6,"Manchas Exteriores 20m","Mayaguez","MEXT20","West","W",18.2335,-67.2009,20,8,27,24,"8/27/24","Anibal","Manuel O","Johann","Victoria","10:05","10:17",30.22,0.57,35.94,0.57,6.36,0.57,"8.18",0.57,30.1,12.1,36.12,12.1,6.67,12.1,"8.17",12.1,"12","NA","NA","12",0.5,"12",86,NA,86,89,85,81,82,83,84,88,87,80,79,85,4,"20","< 0.1","0.29","0.17",0.53,0.15,1988,1992,2314,2318,0.008,"0.008",0.006,"0.006",0.104,"0.104"
6,"Manchas Exteriores 10m","Mayaguez","MEXT10","West","W",18.23353,-67.2006,10,8,27,24,"8/27/24","Anibal","Manuel O","Johann","Victoria","10:25","22:33",30.26,0.5,35.92,0.5,6.44,0.5,"8.18",0.5,30.13,5.28,36.28,5.28,6.31,5.28,"8.18",5.28,">5",">5",">5",">5",0.5,"5",99,NA,99,102,98,94,95,96,97,101,100,93,92,98,8.8,"10","< 0.1","0.28","0.01",0.65,0.15,1982,1985,2315,2307,0.007,"0.007",0.005,"0.005",0.179,"0.179"
6,"Cayo Coral 10m","Guanica","CORA10","Southwest","SW",17.9362,-66.8884,10,8,28,24,"8/28/24","Anibal","Manuel O","Johann","Idalmis","07:10","07:23",30.36,0.52,35.84,0.52,6.36,0.52,"8.16",0.52,30.36,8.67,35.92,8.67,5.7,8.67,"8.1300000000000008",8.67,">10",">10",">10",">10",0.5,"8",112,NA,112,115,111,107,108,109,110,114,113,106,105,111,15.9,"< 10","< 0.1","0.23","0.25",0.34,0.05,1989,1989,2296,2296,0.011,"0.011",0.005,"0.005",0.114,"0.114"
6,"Efras Wall 20m","La Parguera","EWAL20","Southwest","SW",17.8976,-66.9599,20,8,28,24,"8/28/24","Anibal","Manuel O","Johann","Idalmis","07:45","07:55",30.1,0.52,35.74,0.52,6.32,0.52,"8.19",0.52,30.1,17.03,35.76,17.03,6.07,17.03,"8.17",17.03,">20",">20",">20",">20",0.5,"NA",125,NA,125,128,124,120,121,122,123,127,126,119,118,124,5.4,"63","< 0.1","0.81","0.33",0.38,0.05,1977,1980,2295,2284,0.009,"0.009",0.005,"0.005",0.092,"0.092"
6,"Cayo Aurora 5m","Guanica","AURO05","Southwest","SW",17.9369,-66.8738,5,8,28,24,"8/28/24","Anibal","Manuel O","Johann","Idalmis","06:50","07:02",30.5,0.51,35.91,0.51,5.7,0.51,"8.09",0.51,30.51,3.47,36.01,3.47,5.39,3.47,"8.09",3.47,">5",">5",">5",">5",0.5,"3",138,NA,138,141,137,133,134,135,136,140,139,132,131,137,3,"10","< 0.1","0.88","0.3",0.4,0.1,2017,2024,2311,2307,0.013,"0.013",0.006,"0.006",0.128,"0.128"
6,"Media Luna 5m","La Parguera","MLUN05","Southwest","SW",17.93937,-67.0507,5,8,28,24,"8/28/24","Anibal","Manuel O","Johann","Idalmis","09:20","09:25",30.54,0.51,36.05,0.51,6,0.51,"8.11",0.51,30.26,5.03,36.02,5.03,5.4,5.03,"8.1199999999999992",5.03,">10",">10",">10",">10",0.5,"NA",151,NA,151,154,150,146,147,148,149,153,152,145,144,150,2.8,"< 10","< 0.1","0.36","0.5",0.19,0.2,1997,2021,2303,2307,0.013,"0.013",0.011,"0.011",0.088,"0.088"
6,"Media Luna 10m","La Parguera","MLUN10","Southwest","SW",17.93472,-67.0485,10,8,28,24,"8/28/24","Anibal","Manuel O","Johann","Idalmis","09:04","09:14",30.31,0.57,35.87,0.57,6.15,0.57,"8.17",0.57,30.3,6.22,35.87,6.22,6.08,6.22,"8.17",6.22,">10",">10",">10",">10",0.5,"NA",164,NA,164,167,163,159,160,161,162,166,165,158,157,163,0.1,"10","< 0.1","0.24","0.47",0.58,0,1981,1987,2302,2302,0.01,"0.01",0.006,"0.006",0.102,"0.102"
6,"Efras Wall 20m","La Parguera","EWAL20-R","Southwest","SW",17.8976,-66.9599,20,8,28,24,"8/28/24","Anibal","Manuel O","Johann","Idalmis","07:59","08:10",30.1,0.54,35.71,0.54,6.26,0.54,"8.18",0.54,30.11,17.3,35.76,17.3,6.11,17.3,"8.18",17.3,">20",">20",">20",">20",0.5,"NA",177,NA,177,180,176,172,173,174,175,179,178,171,170,176,4.7,"10","< 0.1","0.47","0.87",0.28,0.05,1968,1967,2303,2296,0.014,"0.014",0.007,"0.007",0.051,"0.051"
6,"Boya Vieja 20m","La Parguera","BOYA20","Southwest","SW",17.88827,-66.9978,20,8,28,24,"8/28/24","Anibal","Manuel O","Johann","Idalmis","08:23","08:33",30.08,0.54,35.76,0.54,6.28,0.54,"8.18",0.54,30.11,18.27,35.91,18.27,6.03,18.27,"8.16",18.27,">20",">20",">20",">20",0.5,"NA",190,NA,190,193,189,185,186,187,188,192,191,184,183,189,5.5,"31","< 0.1","0.05","0.25",0.37,0,1969,1966,2295,2287,0.011,"0.011",0.008,"0.008",0.074,"0.074"
6,"Boya Vieja 20m","La Parguera","BOYA20-R","Southwest","SW",17.88827,-66.9978,20,8,28,24,"8/28/24","Anibal","Manuel O","Johann","Idalmis","08:38","08:49",30.09,0.52,35.77,0.52,6.22,0.52,"8.18",0.52,30.11,18.48,35.77,18.48,6.09,18.48,"8.17",18.48,">20",">20",">20",">20",0.5,"NA",203,NA,203,206,202,198,199,200,201,205,204,197,196,202,9.4,"10","< 0.1","0.1","0.06",0.2,0,1972,1975,2292,2292,0.011,"0.011",0.006,"0.006",0.071,"0.071"
6,"Canjilones 15m","Isla Vieques","CANJ15","Vieques/Culebra","E",18.08964,-65.5901,15,9,7,24,"9/7/24","Luis","Johann","Victoria","NA","11:33",NA,30.3,0.44,37.8,0.49,6.12,0.5,"8.17",0.58,30.22,13,37.92,12.98,6.1,13.01,"8.17",13,">15",">15",">15",">15",0.5,"13",216,NA,216,219,215,211,212,213,214,218,217,210,209,215,3,"< 10","< 0.1","0.08","0.09",0.23,0,1988,1985,2315,2319,0.01,"0.01",0.009,"0.009",0.047,"0.047"
6,"Palominos 20m","Fajardo","PALN20","North/Northeast","E",18.35466,-65.5671,20,9,8,24,"9/8/24","Luis","JJ","Johann","Victoria","11:02","11:19",30.13,0.68,36.05,0.58,5.89,0.6,"8.14",0.5,30.02,14.51,36.4,14.62,5.89,15.28,"8.15",15.58,"7","8","7.75","7.58",0.5,"14",229,NA,229,232,228,224,225,226,227,231,230,223,222,228,2.9,"158","< 0.1","0.23","0.15",0.29,0.3,2017,2025,2318,2339,0.012,"0.012",0.006,"0.006",-0.001,"<0.038"
6,"Palominitos 10m","Fajardo","PALT10","North/Northeast","E",18.33537,-65.5656,10,9,7,24,"9/7/24","Luis","Johann","Victoria","NA","13:08",NA,30.66,0.58,38.07,0.56,6.46,0.57,"8.18",0.48,30.4,7.18,38.04,7.01,6.69,7.04,"8.18",7.06,">10",">10",">10",">10",0.5,"7",242,NA,242,245,241,237,238,239,240,244,243,236,235,241,1.1,"10","< 0.1","0","0.31",0.4,0,1958,1964,2315,2305,0.016,"0.016",0.006,"0.006",0.072,"0.072"
6,"Esperanza 10m","Isla Vieques","ESPE10","Vieques/Culebra","E",18.08057,-65.4879,10,9,7,24,"9/7/24","Luis","Johann","Victoria","NA","10:35","11:00",30.53,0.51,37.83,0.45,5.81,0.52,"8.14",0.57,30.46,6.04,37.89,6.13,5.82,5.93,"8.15",6.08,">10",">10",">10",">10",0.5,"6",268,NA,268,271,267,263,264,265,266,270,269,262,261,267,9.8,"31","< 0.1","0.27","0.02",0.38,0,2001,2003,2315,2317,0.013,"0.013",0.006,"0.006",0.119,"0.119"
6,"Cayo Diablo 5m","Fajardo","DIAB05","North/Northeast","E",18.36033,-65.5309,5,9,8,24,"9/8/24","Luis","JJ","Johann","Victoria","10:38","10:50",30.13,0.53,35.95,0.56,6.25,0.52,"8.16",0.58,30.15,5.07,35.99,5.65,6.21,5.48,"8.16",5.66,">5",">5",">5",">5",0.5,"5",281,NA,281,284,280,276,277,278,279,283,282,275,274,280,0.5,"< 10","< 0.1","0.51","0.35",0.37,0,1992,1993,2321,2324,0.009,"0.009",0.009,"0.009",0.155,"0.155"
6,"Dakiti 20m","Isla Culebra","DAKI20","Vieques/Culebra","E",18.27587,-65.2773,20,9,8,24,"9/8/24","Luis","JJ","Johann","Victoria","07:53","08:10",30,0.47,36.02,0.54,6.17,0.46,"8.15",0.5,29.97,20.38,36.11,20.81,6.03,20.92,"8.15",20.63,"11.75","11.25","10.75","11.25",0.5,"18",294,NA,294,297,293,289,290,291,292,296,295,288,287,293,2.5,"75","< 0.1","1.04","0.98",0.19,0.35,1993,2001,2330,2330,0.01,"0.01",0.006,"0.006",0.054,"0.054"
6,"Cabezas de San Juan 5m","Fajardo","CABE05","North/Northeast","E",18.38544,-65.6297,5,9,8,24,"9/8/24","Luis","JJ","Johann","Victoria","11:45","00:02",29.68,0.58,36.52,0.53,6.24,0.51,"8.16",0.5,29.71,4.34,36.64,4.3,6.01,4.26,"8.16",4.65,"5","5","5","5",0.5,"4",307,NA,307,310,306,302,303,304,305,309,308,301,300,306,1.8,"75","< 0.1","0.56","0.09",0.47,0.2,2030,2026,2358,2357,0.015,"0.015",0.006,"0.006",-0.02,"<0.038"
6,"Canal Luis Pena 5m","Isla Culebra","LPEN05","Vieques/Culebra","E",18.30493,-65.3277,5,9,8,24,"9/8/24","Luis","JJ","Johann","Victoria","08:30","08:48",30.04,0.58,36.13,0.47,5.96,0.51,"8.15",0.55,30.03,4.21,36.16,4.23,5.28,4.33,"8.14",4.48,">4",">4",">4",">4",0.5,"4",320,NA,320,323,319,315,316,317,318,322,321,314,313,319,2.8,"41","< 0.1","0.3","0.9",0.19,0.05,2012,2004,2331,2334,0.012,"0.012",0.009,"0.009",0.087,"0.087"
6,"Carlos Rosario 10m","Isla Culebra","CROS10","Vieques/Culebra","E",18.32779,-65.332,10,9,8,24,"9/8/24","Luis","JJ","Johann","Victoria","09:28","09:42",29.9,0.55,36.12,0.54,5.93,0.5,"8.1300000000000008",0.48,29.84,3.15,36.17,3.22,5.44,3.29,"8.11",3.17,"4","4","4","4",0.5,"3",333,NA,333,336,332,328,329,330,331,335,334,327,326,332,0.3,"10","< 0.1","0.53","0.07",0.16,0,2027,2035,2337,2331,0.011,"0.011",0.006,"0.006",0.052,"0.052"
6,"Tourmaline 10m","Cabo Rojo","TOUR10","West","W",18.16304,-67.2737,10,9,10,24,"9/10/24","Nibo","JJ","Victoria","NA","07:59","08:12",30.28,0.47,35.58,0.56,6.06,0.5,"8.16",0.51,30.29,8.1,35.6,7.84,5.9,8.07,"8.16",7.92,">10",">10",">10",">10",0.5,"8",359,NA,359,362,358,354,355,356,357,361,360,353,352,358,7.3,"< 10","< 0.1","0.78","0.91",0,0.05,1988,1992,2304,2302,0.009,"0.009",0.009,"0.009",-0.011,"<0.038"
6,"El Negro 10m","Cabo Rojo","NEGR10","West","W",18.14653,-67.248,10,9,10,24,"9/10/24","Nibo","JJ","Victoria","NA","09:08","09:22",30.45,0.48,35.41,0.52,5.81,0.54,"8.1300000000000008",0.55,30.4,8.41,35.45,8.35,5.59,8.35,"8.1300000000000008",8.53,">10",">10",">10",">10",0.5,"8",372,NA,372,375,371,367,368,369,370,374,373,366,365,371,3.4,"< 10","< 0.1","0.51","0.77",0.28,0.15,1992,2000,2289,2289,0.012,"0.012",0.006,"0.006",-0.008,"<0.038"
6,"Gallardo 5m","Cabo Rojo","GALL05","West","W",18.0017,-67.3299,5,9,10,24,"9/10/24","Nibo","JJ","Victoria","NA","10:33","10:45",30.78,0.65,35.61,0.68,5.84,0.56,"8.1300000000000008",0.54,30.66,4.56,35.71,4.35,5.65,4.34,"8.1300000000000008",4.19,">5",">5",">5",">5",0.5,"4",385,NA,385,388,384,380,381,382,383,387,386,379,378,384,2.7,"< 10","< 0.1","0.42","0.71",0.78,0.1,1996,1987,2290,2278,0.021,"0.021",0.007,"0.007",0.003,"<0.038"
6,"Maria Langa 10m","Guayanilla","MLAN10","South","S",17.96093,-66.7529,10,9,12,24,"9/12/24","Anibal","Manuel O","Idalmis","Victoria","11:13","11:24",30.57,0.52,35.58,0.49,6.02,0.47,"8.1",0.54,30.27,8.33,35.57,8.28,5.78,8.25,"8.08",8.21,">8",">8",">8",">8",0.5,"8",398,NA,398,401,397,393,394,395,396,400,399,392,391,397,5.5,"< 10","< 0.1","0.21","0.26",0.22,0.15,2006,2013,2320,2320,0.014,"0.014",0.006,"0.006",0.027,"<0.038"
6,"Tourmaline 20m","Cabo Rojo","TOUR20","West","W",18.16517,-67.2752,20,9,10,24,"9/10/24","Nibo","JJ","Victoria","NA","07:04","07:26",30.32,0.49,35.57,0.45,6.27,0.46,"8.1199999999999992",0.58,30.28,18.08,35.62,18.1,5.85,18.18,"8.1300000000000008",18.04,"12.75","13.5","13.5","13.25",0.5,"18",411,NA,411,414,410,406,407,408,409,413,412,404,405,410,4,"< 10","< 0.1","0.14","0.22",0.44,0,1986,1976,2301,2304,0.012,"0.012",0.006,"0.006",0.017,"<0.038"
6,"Tourmaline 30m","Cabo Rojo","TOUR30","West","W",18.16637,-67.2763,30,9,10,24,"9/10/24","Nibo","JJ","Victoria","NA","07:33","07:52",30.33,0.51,35.55,0.51,6.22,0.47,"8.16",0.51,30.31,27.91,35.67,27.95,6.17,27.92,"8.16",27.87,"13.75","13.5","12.75","13.33",0.5,"28",424,NA,424,427,423,419,420,421,422,426,425,418,417,423,1.8,"< 10","< 0.1","0.31","0.98",0.44,0.1,1974,1977,2300,2300,0.009,"0.009",0.005,"0.005",-0.005,"<0.038"
6,"El Negro 5m","Cabo Rojo","NEGR05","West","W",18.14658,-67.2476,5,9,10,24,"9/10/24","Nibo","JJ","Victoria","NA","08:49","09:03",30.42,0.56,35.29,0.57,5.81,0.54,"8.1199999999999992",0.58,30.36,4.04,35.38,3.87,5.45,3.93,"8.1199999999999992",4.01,">5",">5",">5",">5",0.5,"4",437,NA,437,440,436,432,433,434,435,439,438,431,430,436,6.1,"< 10","< 0.1","0.94","0.91",0.27,0.2,1991,1993,2288,2288,0.013,"0.013",0.008,"0.008",-0.053,"<0.038"
6,"West Reef 10m","Ponce","CDMU10","South","S",17.89502,-66.5284,10,9,12,24,"9/12/24","Anibal","Manuel O","Idalmis","Victoria","09:42","09:55",30.23,0.61,35.61,0.6,6.14,0.57,"8.1199999999999992",0.61,30.14,7.8,35.59,7.8,6.06,7.92,"8.1199999999999992",7.94,">7",">7",">7",">7",0.5,"8",450,NA,450,453,449,445,446,447,448,452,451,444,443,449,5.8,"< 10","< 0.1","0.28","0.42",0.26,0.2,1993,1992,2317,2322,0.007,"0.007",0.009,"0.009",0.168,"0.168"
6,"Cayo Rodriguez 5m","Mayaguez","RODR05","West","W",18.1893,-67.1919,5,9,10,24,"9/10/24","Nibo","JJ","Victoria","NA","09:38","09:56",30.35,0.52,34.97,0.52,5.79,0.5,"8.14",0.55,30.43,4.17,35.43,4.15,5.68,4.22,"8.15",4.17,"2.25","3","3","2.75",0.5,"4",463,NA,463,466,462,458,459,460,461,465,464,457,456,462,6.97,"327","< 0.1","0.49","0.59",0.13,4.45,2016,2025,2291,2287,0.041,"0.041",0.018,"0.018",-0.041,"<0.038"
6,"Guanajibo 20m","Mayaguez","GUAN20","West","W",18.17202,-67.253,20,9,10,24,"9/10/24","Nibo","JJ","Victoria","NA","08:20","08:35",30.27,0.57,35.52,0.57,6.07,0.54,"8.16",0.61,30.3,17.9,35.58,17.49,5.78,12.23,"8.16",17.93,"12.75","13.5","12.5","12.91",0.5,"NA",476,NA,476,479,475,471,472,473,474,478,477,470,469,475,2.2,"< 10","< 0.1","0.71","0.46",0.44,0.15,1987,1981,2294,2295,0.016,"0.016",0.005,"0.005",-0.053,"<0.038"
6,"Maria Langa 20m","Guayanilla","MLAN20","South","S",17.95953,-66.747,20,9,12,24,"9/12/24","Anibal","Manuel O","Idalmis","Victoria","10:58","11:03",30.56,0.58,35.56,0.59,5.96,0.6,"8.1",0.66,30.36,14.35,35.58,14.63,5.9,14.7,"8.11",14.83,"8","NA","NA","8",0.5,"15",489,NA,489,492,488,484,485,486,487,491,490,483,482,488,10.6,"< 10","< 0.1","0.7","0.47",0.38,0.15,2005,2006,2309,2306,0.015,"0.015",0.009,"0.009",0.033,"<0.038"
6,"Derrumbadero 20m","Ponce","DERR20","South","S",17.904,-66.6086,20,9,12,24,"9/12/24","Anibal","Manuel O","Idalmis","Victoria","10:15","10:25",30.29,0.61,35.61,0.55,6.26,0.52,"8.1199999999999992",0.55,30.22,16.92,35.64,16.94,6.11,16.83,"8.1300000000000008",16.98,"8","NA","NA","8",0.5,"18",502,NA,502,505,501,497,498,499,500,504,503,496,495,501,8.4,"< 10","< 0.1","0.31","0.66",0.6,0,1985,1988,2305,2308,0.009,"0.009",0.008,"0.008",0.02,"<0.038"
6,"Cayo Ratones 5m","Salinas","RATO05","Southeast","S",17.9346,-66.3025,5,9,12,24,"9/12/24","Anibal","Manuel O","Idalmis","Victoria","08:43","08:55",30.19,0.48,35.73,0.6,6.14,0.55,"8.11",0.41,29.98,2.65,35.73,2.84,5.89,2.82,"8.1",2.86,">5",">5",">5",">5",0.5,"3",515,NA,515,518,514,510,511,512,513,517,516,509,508,514,4.6,"< 10","< 0.1","0.73","0.46",0.55,0.1,1980,1995,2299,2301,0.008,"0.008",0.005,"0.005",0.02,"<0.038"
6,"Cayo Caribes 10m","Salinas","CARI10","Southeast","S",17.91533,-66.2141,10,9,12,24,"9/12/24","Anibal","Manuel O","Idalmis","Victoria","08:21","08:35",30.1,0.57,35.47,0.54,6.25,0.51,"8.11",0.59,30.1,7.59,35.49,7.82,6.11,8.06,"8.11",7.82,">10",">10",">10",">10",0.5,"8",528,NA,528,531,527,523,524,525,526,530,529,522,521,527,6,"< 10","< 0.1","0.15","0.36",0.19,0.15,1986,1983,2300,2299,0.009,"0.009",0.009,"0.009",-0.007,"<0.038"
6,"Dominos 5m","San Juan","DOMI05-R","North/Northeast","N",18.46222,-66.0517,5,9,16,24,"9/16/24","Rodolfo","Manuel O","Idalmis","NA","09:28",NA,30.57,0.54,35.81,0.56,6.18,0.54,"NA",0.58,30.59,4.08,35.86,4.1,6.14,4.06,"NA",4.08,">5",">5",">5",">5",0.5,"3",541,NA,541,544,540,536,537,538,539,543,542,535,534,540,5,"< 10","< 0.1","0.41","0.43",0.41,0.05,1982,1987,2306,2312,0.01,"0.01",0.006,"0.006",0.02,"<0.038"
6,"Maria Langa 5m","Guayanilla","MLAN05-R","South","S",17.96488,-66.7565,5,9,12,24,"9/12/24","Anibal","Manuel O","Idalmis","Victoria","11:45","11:52",30.48,0.52,35.48,0.55,5.47,0.54,"8.0500000000000007",0.49,30.47,2.07,35.55,2.08,5.25,2.16,"8.07",2.1,">5",">5",">5",">5",0.5,"NA",554,NA,554,557,553,549,550,551,552,556,555,548,547,553,7.4,"< 10","< 0.1","0.53","0.83",0.37,0.2,2041,2037,2321,2319,0.017,"0.017",0.007,"0.007",0.021,"<0.038"
6,"Maria Langa 5m","Guayanilla","MLAN05","South","S",17.96488,-66.7565,5,9,12,24,"9/12/24","Anibal","Manuel O","Idalmis","Victoria","11:30","11:39",30.43,0.67,35.53,0.6,5.35,0.65,"8.0500000000000007",0.7,30.43,3.15,35.6,3.14,5.18,3.13,"8.0500000000000007",3.18,">5",">5",">5",">5",0.5,"NA",567,NA,567,570,566,562,563,564,565,569,568,561,560,566,5.1,"< 10","< 0.1","0.32","-0.12",0.37,0.25,2042,2042,2319,2321,0.015,"0.015",0.008,"0.008",0.04,"0.04"
6,"Cibuco 05m","Vega Baja","CIBU05-R","North/Northeast","N",18.48955,-66.3736,10,9,16,24,"9/16/24","Rodolfo","Manuel O","Idalmis","NA","06:30","06:40",30.16,0.5,35.74,0.5,5.57,0.5,"NA",0.5,30.14,5.02,35.76,5.02,5.24,5.02,"NA",5.02,">5",">5",">5",">5",0.5,"4",580,NA,580,583,579,575,576,577,578,582,581,574,573,579,6,"< 10","< 0.1","0.9","0.1",0.16,0.15,2033,2036,2329,2326,0.015,"0.015",0.008,"0.008",-0.046,"<0.038"
6,"Cibuco 05m","Vega Baja","CIBU05","North/Northeast","N",18.48955,-66.3736,10,9,16,24,"9/16/24","Rodolfo","Manuel O","Idalmis","NA","06:20","06:28",30.21,0.5,35.75,0.5,5.36,0.5,"NA",0.5,30.15,3,35.71,3,5.41,3,"NA",3,">3",">3",">3",">3",0.5,"4",593,NA,593,596,592,588,589,590,591,595,594,587,586,592,7.6,"< 10","< 0.1","0.03","0.2",0.49,0.15,2034,2043,2324,2326,0.012,"0.012",0.006,"0.006",0.099,"0.099"
6,"Dominos 5m","San Juan","DOMI05","North/Northeast","N",18.46222,-66.0517,5,9,16,24,"9/16/24","Rodolfo","Manuel O","Idalmis","NA","09:15","09:25",30.56,0.5,35.81,0.5,6.11,0.5,"NA",0.5,30.55,3.03,35.88,3.03,5.99,3.06,"NA",3.05,">5",">5",">5",">5",0.5,"3",606,NA,606,609,605,601,602,603,604,608,607,600,599,605,6.6,"< 10","< 0.1","0.26","0.12",0.37,0.05,1982,1986,2294,2296,0.017,"0.017",0.01,"0.01",0.218,"0.218"
