ANAL,NOx_PO4.ANL,,,,,,,,,,,
RUN ,240923_Q6_NP3.RUN,,,,,,,,,,,
DATE,9/23/2024,,,,,,,,,,,
TIME,4:31:30 PM,,,,,,,,,,,
OPER,CLMR,,,,,,,,,,,
COMM,,,,,,,,,,,,
CHAN,1,3,2,,,,,,,,,
METH,NOx,PO4,Dilution,,,,,,,,,
UNIT,mg/L,mg/L,mg/L,,,,,,,,,
Base,166,4893,,,,,,,,,,
Gain,,,,,,,,,42,99,,
FIT,L,L,,,,,,,,,,
COEFF,1,0.9999,,,,,,,,,,
Sample ID,Peak Number,Cup Number,Cup Type,Cup Group,,,Date Time Stamp,Results 1,Absorbance,Results 3,Absorbance,Results 2
Primer,1,921,PRIM,0,0,0,9/23/2024 4:32:18 PM,0.214,181.11,0.198,85.1,1
Drift,2,921,DRIF,0,0,0,9/23/2024 4:33:28 PM,0.199,168.36,0.199,85.65,1
0.2,3,921,CALB,0,0,0,9/23/2024 4:34:38 PM,0.199,168.93,0.199,85.8,1
0.1,4,901,CALB,0,0,0,9/23/2024 4:35:48 PM,0.101,86.61,0.101,44.1,1
0.05,5,902,CALB,0,0,0,9/23/2024 4:36:58 PM,0.05,44.35,0.051,22.92,1
0.025,6,903,CALB,0,0,0,9/23/2024 4:38:08 PM,0.025,23.44,0.024,11.77,1
0.01,7,904,CALB,0,0,0,9/23/2024 4:39:18 PM,0.009,9.94,0.009,5.37,1
0.005,8,905,CALB,0,0,0,9/23/2024 4:40:28 PM,0.004,5.79,0.006,4.18,1
Blank,9,906,CALB,0,0,0,9/23/2024 4:41:38 PM,0,2.14,-0.001,1.11,1
Baseline,10,0,BASL,0,0,0,9/23/2024 4:42:48 PM,-0.003,0,-0.004,0,1
High,11,921,HIGH,0,1,1,9/23/2024 4:46:18 PM,0.195,165.08,0.199,85.61,1
Low,12,905,LOW ,0,1,2,9/23/2024 4:47:28 PM,0.002,3.89,0.006,4.23,1
Low,13,905,LOW ,0,1,3,9/23/2024 4:48:38 PM,0.005,6.57,0.006,4.23,1
Blank,14,906,SAMP,0,0,0,9/23/2024 4:49:48 PM,-0.001,1.62,-0.001,1.12,1
Blank spiked,15,907,SPIK,0,0,1,9/23/2024 4:50:58 PM,0.138,117.95,0.147,63.64,1
CRM 7/15 [0.15/0.03],16,908,QUAL,0,0,0,9/23/2024 4:52:08 PM,0.132,112.72,0.029,13.89,1
CRM 4/30 [0.15/0.03],17,909,QUAL,0,0,0,9/23/2024 4:53:18 PM,0.134,114.02,0.028,13.5,1
321,18,1,SAMP,0,0,0,9/23/2024 4:54:28 PM,0.012,12,0.009,5.16,1
399,19,2,SAMP,0,0,0,9/23/2024 4:55:38 PM,0.014,13.44,0.006,4.2,1
139,20,3,SAMP,0,0,0,9/23/2024 4:56:48 PM,0.013,13.1,0.006,4.18,1
464,21,4,SAMP,0,0,0,9/23/2024 4:57:58 PM,0.041,36.8,0.018,9.23,1
360,22,5,SAMP,0,0,0,9/23/2024 4:59:08 PM,0.009,9.62,0.009,5.13,1
529,23,6,SAMP,0,0,0,9/23/2024 5:00:18 PM,0.009,9.45,0.009,5.29,1
9,24,7,SAMP,0,0,0,9/23/2024 5:01:28 PM,0.011,11.54,0.006,4.24,1
295,25,8,SAMP,0,0,0,9/23/2024 5:02:38 PM,0.01,10.59,0.006,4.15,1
503,26,9,SAMP,0,0,0,9/23/2024 5:03:48 PM,0.009,9.93,0.008,4.81,1
607,27,10,SAMP,0,0,0,9/23/2024 5:04:58 PM,0.017,16.4,0.01,5.68,1
607 spiked,28,11,SPIK,0,0,1,9/23/2024 5:06:08 PM,0.155,132.12,0.158,68.25,1
CRM 7/15 [0.15/0.03],29,908,QUAL,0,0,0,9/23/2024 5:07:18 PM,0.13,110.72,0.028,13.35,1
CRM 4/30 [0.15/0.03],30,909,QUAL,0,0,0,9/23/2024 5:08:28 PM,0.132,112.42,0.027,13.03,1
Baseline,31,0,BASL,0,0,0,9/23/2024 5:09:38 PM,-0.003,0,-0.004,0,1
191,32,12,SAMP,0,0,0,9/23/2024 5:13:08 PM,0.011,10.93,0.008,5.07,1
347,33,13,SAMP,0,0,0,9/23/2024 5:14:18 PM,0.014,14.01,0.006,4.14,1
230,34,14,SAMP,0,0,0,9/23/2024 5:15:28 PM,0.012,11.76,0.006,4.2,1
204,35,15,SAMP,0,0,0,9/23/2024 5:16:38 PM,0.011,11.68,0.006,3.85,1
568,36,16,SAMP,0,0,0,9/23/2024 5:17:48 PM,0.015,14.65,0.008,4.84,1
126,37,17,SAMP,0,0,0,9/23/2024 5:18:58 PM,0.009,9.83,0.005,3.68,1
490,38,18,SAMP,0,0,0,9/23/2024 5:20:08 PM,0.015,14.41,0.009,5.11,1
425,39,19,SAMP,0,0,0,9/23/2024 5:21:18 PM,0.009,9.74,0.005,3.77,1
594,40,20,SAMP,0,0,0,9/23/2024 5:22:28 PM,0.012,11.99,0.006,4.21,1
217,41,21,SAMP,0,0,0,9/23/2024 5:23:38 PM,0.01,10.34,0.009,5.12,1
217 spiked,42,22,SPIK,0,0,1,9/23/2024 5:24:48 PM,0.148,125.92,0.155,66.98,1
CRM 7/15 [0.15/0.03],43,908,QUAL,0,0,0,9/23/2024 5:25:58 PM,0.136,115.61,0.028,13.2,1
CRM 4/30 [0.15/0.03],44,909,QUAL,0,0,0,9/23/2024 5:27:08 PM,0.135,114.85,0.027,12.72,1
Baseline,45,0,BASL,0,0,0,9/23/2024 5:28:18 PM,-0.003,0,-0.004,0,1
48,46,23,SAMP,0,0,0,9/23/2024 5:31:48 PM,0.007,8.17,0.006,3.99,1
451,47,24,SAMP,0,0,0,9/23/2024 5:32:58 PM,0.007,8.13,0.009,5.14,1
152,48,25,SAMP,0,0,0,9/23/2024 5:34:08 PM,0.013,13.18,0.011,5.97,1
373,49,26,SAMP,0,0,0,9/23/2024 5:35:18 PM,0.012,11.91,0.006,4.19,1
516,50,27,SAMP,0,0,0,9/23/2024 5:36:28 PM,0.008,8.56,0.005,3.79,1
35,51,28,SAMP,0,0,0,9/23/2024 5:37:38 PM,0.012,12.04,0.006,4.23,1
74,52,29,SAMP,0,0,0,9/23/2024 5:38:48 PM,0.008,8.55,0.004,3.38,1
165,53,30,SAMP,0,0,0,9/23/2024 5:39:58 PM,0.01,10.57,0.006,3.98,1
22,54,31,SAMP,0,0,0,9/23/2024 5:41:08 PM,0.012,12.4,0.005,3.56,1
542,55,32,SAMP,0,0,0,9/23/2024 5:42:18 PM,0.01,10.89,0.006,3.96,1
542 spiked,56,33,SPIK,0,0,1,9/23/2024 5:43:28 PM,0.173,146.9,0.153,66.08,1
CRM 7/15 [0.15/0.03],57,908,QUAL,0,0,0,9/23/2024 5:44:38 PM,0.155,131.6,0.028,13.23,1
CRM 4/30 [0.15/0.03],58,909,QUAL,0,0,0,9/23/2024 5:45:48 PM,0.157,133.55,0.026,12.67,1
Baseline,59,0,BASL,0,0,0,9/23/2024 5:46:58 PM,-0.003,0,-0.004,0,1
477,60,34,SAMP,0,0,0,9/23/2024 5:50:28 PM,0.016,15.47,0.005,3.77,1
412,61,35,SAMP,0,0,0,9/23/2024 5:51:38 PM,0.012,11.97,0.006,4,1
243,62,36,SAMP,0,0,0,9/23/2024 5:52:48 PM,0.016,15.24,0.006,4.07,1
334,63,37,SAMP,0,0,0,9/23/2024 5:53:58 PM,0.011,11.39,0.006,3.88,1
308,64,38,SAMP,0,0,0,9/23/2024 5:55:08 PM,0.015,15.07,0.006,3.9,1
61,65,39,SAMP,0,0,0,9/23/2024 5:56:18 PM,0.017,16.69,0.008,4.87,1
282,66,40,SAMP,0,0,0,9/23/2024 5:57:28 PM,0.009,9.81,0.009,5.1,1
113,67,41,SAMP,0,0,0,9/23/2024 5:58:38 PM,0.011,11.57,0.005,3.58,1
100,68,42,SAMP,0,0,0,9/23/2024 5:59:48 PM,0.007,8.05,0.005,3.58,1
178,69,43,SAMP,0,0,0,9/23/2024 6:00:58 PM,0.014,13.89,0.007,4.38,1
178 spiked,70,44,SPIK,0,0,1,9/23/2024 6:02:08 PM,0.173,146.64,0.153,66.29,1
CRM 7/15 [0.15/0.03],71,908,QUAL,0,0,0,9/23/2024 6:03:18 PM,0.148,126.01,0.028,13.16,1
CRM 4/30 [0.15/0.03],72,909,QUAL,0,0,0,9/23/2024 6:04:28 PM,0.146,124.17,0.026,12.61,1
Baseline,73,0,BASL,0,0,0,9/23/2024 6:05:38 PM,-0.003,0,-0.004,0,1
581,74,45,SAMP,0,0,0,9/23/2024 6:09:08 PM,0.015,14.3,0.008,4.74,1
87,75,46,SAMP,0,0,0,9/23/2024 6:10:18 PM,0.008,9.12,0.006,4.04,1
386,76,47,SAMP,0,0,0,9/23/2024 6:11:28 PM,0.021,19.65,0.007,4.48,1
269,77,48,SAMP,0,0,0,9/23/2024 6:12:38 PM,0.013,12.98,0.006,4.13,1
555,78,49,SAMP,0,0,0,9/23/2024 6:13:48 PM,0.017,16.48,0.007,4.28,1
438,79,50,SAMP,0,0,0,9/23/2024 6:14:58 PM,0.013,13.23,0.008,4.78,1
438 spiked,80,51,SPIK,0,0,1,9/23/2024 6:16:08 PM,0.155,131.5,0.155,67.1,1
CRM 7/15 [0.15/0.03],81,908,QUAL,0,0,0,9/23/2024 6:17:18 PM,0.134,114.16,0.027,13.03,1
CRM 4/30 [0.15/0.03],82,909,QUAL,0,0,0,9/23/2024 6:18:28 PM,0.134,114.62,0.026,12.62,1
Baseline,83,0,BASL,0,0,0,9/23/2024 6:19:38 PM,-0.003,0,-0.004,0,1
Blank,84,906,SAMP,0,0,0,9/23/2024 6:23:08 PM,0,1.81,-0.001,0.89,1
Blank,85,906,SAMP,0,0,0,9/23/2024 6:24:18 PM,0,1.88,-0.001,1.02,1
Blank,86,906,SAMP,0,0,0,9/23/2024 6:25:28 PM,-0.001,1.67,-0.001,1.05,1
Blank,87,906,SAMP,0,0,0,9/23/2024 6:26:38 PM,0,1.72,-0.001,0.99,1
Blank,88,906,SAMP,0,0,0,9/23/2024 6:27:48 PM,-0.001,1.61,-0.001,0.98,1
Blank,89,906,SAMP,0,0,0,9/23/2024 6:28:58 PM,-0.001,1.65,-0.001,1.08,1
Blank,90,906,SAMP,0,0,0,9/23/2024 6:30:08 PM,-0.001,1.48,-0.001,0.98,1
Blank,91,906,SAMP,0,0,0,9/23/2024 6:31:18 PM,-0.001,1.7,-0.001,0.94,1
Blank,92,906,SAMP,0,0,0,9/23/2024 6:32:28 PM,-0.001,1.66,-0.001,0.91,1
Blank,93,906,SAMP,0,0,0,9/23/2024 6:33:38 PM,-0.001,1.4,-0.001,0.86,1
Blank spiked,94,907,SPIK,0,0,1,9/23/2024 6:34:48 PM,0.136,115.9,0.146,63.14,1
CRM 7/15 [0.15/0.03],95,908,QUAL,0,0,0,9/23/2024 6:35:58 PM,0.144,122.81,0.029,13.77,1
CRM 4/30 [0.15/0.03],96,909,QUAL,0,0,0,9/23/2024 6:37:08 PM,0.142,121.03,0.028,13.4,1
Baseline,97,0,BASL,0,0,0,9/23/2024 6:38:18 PM,-0.003,0,-0.004,0,1
Drift,98,921,DRIF,0,0,0,9/23/2024 6:41:48 PM,0.199,168.36,0.199,85.65,1
End,99,0,END ,0,0,0,9/23/2024 6:42:58 PM,-0.003,0,-0.004,0,1
